MM:DD:YYYY hh:mm:ss,Library_Version,Session_type,Device_Number,Battery_Voltage,Motor_Turns,FR,Event,Active_Poke,Left_Poke_Count,Right_Poke_Count,Pellet_Count,Block_Pellet_Count,Retrieval_Time,Poke_Time
3/17/2021 15:34:44,1.4.2,FreeFeed,6,4.22,1,1,Pellet,Left,0,0,1,0,Timed_out,nan
3/17/2021 15:43:59,1.4.2,FreeFeed,6,4.22,1,1,Pellet,Left,0,0,2,0,Timed_out,nan
3/17/2021 15:44:12,1.4.2,FreeFeed,6,4.22,2,1,Pellet,Left,0,0,3,0,3.75,nan
3/17/2021 15:44:21,1.4.2,FreeFeed,6,4.22,2,1,Pellet,Left,0,0,4,0,0.06,nan
3/17/2021 15:44:57,1.4.2,FreeFeed,6,4.22,1,1,Pellet,Left,0,0,5,0,28.50,nan
3/17/2021 15:45:05,1.4.2,FreeFeed,6,4.22,1,1,Pellet,Left,0,0,6,0,1.11,nan
3/17/2021 15:45:13,1.4.2,FreeFeed,6,4.22,2,1,Pellet,Left,0,0,7,0,1.05,nan
3/17/2021 15:49:53,1.4.2,FreeFeed,6,4.22,1,1,Pellet,Left,0,0,8,0,Timed_out,nan
3/17/2021 16:01:02,1.4.2,FreeFeed,6,4.22,2,1,Pellet,Left,0,0,9,0,Timed_out,nan
3/17/2021 16:01:17,1.4.2,FreeFeed,6,4.22,2,1,Pellet,Left,0,0,10,0,6.97,nan
3/17/2021 16:01:25,1.4.2,FreeFeed,6,4.22,2,1,Pellet,Left,0,0,11,0,1.18,nan
3/17/2021 16:02:33,1.4.2,FreeFeed,6,4.22,2,1,Pellet,Left,0,0,12,0,Timed_out,nan
3/17/2021 16:03:31,1.4.2,FreeFeed,6,4.22,1,1,Pellet,Left,0,0,13,0,51.40,nan
3/17/2021 16:03:47,1.4.2,FreeFeed,6,4.22,1,1,Pellet,Left,0,0,14,0,8.76,nan
3/17/2021 16:18:45,1.4.2,FreeFeed,6,4.21,2,1,Pellet,Left,0,0,15,0,Timed_out,nan
3/17/2021 16:18:55,1.4.2,FreeFeed,6,4.21,1,1,Pellet,Left,0,0,16,0,4.47,nan
3/17/2021 16:19:09,1.4.2,FreeFeed,6,4.22,1,1,Pellet,Left,0,0,17,0,6.64,nan
3/17/2021 16:19:16,1.4.2,FreeFeed,6,4.22,1,1,Pellet,Left,0,0,18,0,0.06,nan
3/17/2021 16:19:23,1.4.2,FreeFeed,6,4.21,1,1,Pellet,Left,0,0,19,0,0.06,nan
3/17/2021 16:19:32,1.4.2,FreeFeed,6,4.22,1,1,Pellet,Left,0,0,20,0,1.90,nan
3/17/2021 16:19:42,1.4.2,FreeFeed,6,4.21,2,1,Pellet,Left,0,0,21,0,0.65,nan
3/17/2021 16:19:53,1.4.2,FreeFeed,6,4.22,1,1,Pellet,Left,0,0,22,0,3.09,nan
3/17/2021 16:27:37,1.4.2,FreeFeed,6,4.21,2,1,Pellet,Left,0,0,23,0,Timed_out,nan
3/17/2021 16:32:35,1.4.2,FreeFeed,6,4.21,1,1,Pellet,Left,0,0,24,0,Timed_out,nan
3/17/2021 16:44:33,1.4.2,FreeFeed,6,4.21,1,1,Pellet,Left,0,0,25,0,Timed_out,nan
3/17/2021 16:44:55,1.4.2,FreeFeed,6,4.22,1,1,Pellet,Left,0,0,26,0,15.42,nan
3/17/2021 16:47:44,1.4.2,FreeFeed,6,4.22,1,1,Pellet,Left,0,0,27,0,Timed_out,nan
3/17/2021 16:47:58,1.4.2,FreeFeed,6,4.21,1,1,Pellet,Left,0,0,28,0,6.18,nan
3/17/2021 16:48:07,1.4.2,FreeFeed,6,4.20,1,1,Pellet,Left,0,0,29,0,3.02,nan
3/17/2021 16:48:19,1.4.2,FreeFeed,6,4.21,2,1,Pellet,Left,0,0,30,0,3.81,nan
3/17/2021 16:48:28,1.4.2,FreeFeed,6,4.21,2,1,Pellet,Left,0,0,31,0,2.76,nan
3/17/2021 16:48:37,1.4.2,FreeFeed,6,4.21,2,1,Pellet,Left,0,0,32,0,0.32,nan
3/17/2021 16:48:45,1.4.2,FreeFeed,6,4.21,2,1,Pellet,Left,0,0,33,0,1.51,nan
3/17/2021 16:48:54,1.4.2,FreeFeed,6,4.21,2,1,Pellet,Left,0,0,34,0,1.05,nan
3/17/2021 16:49:02,1.4.2,FreeFeed,6,4.20,2,1,Pellet,Left,0,0,35,0,0.06,nan
3/17/2021 16:49:10,1.4.2,FreeFeed,6,4.20,2,1,Pellet,Left,0,0,36,0,1.57,nan
3/17/2021 17:19:30,1.4.2,FreeFeed,6,4.20,1,1,Pellet,Left,0,0,37,0,Timed_out,nan
3/17/2021 17:19:39,1.4.2,FreeFeed,6,4.20,1,1,Pellet,Left,0,0,38,0,2.69,nan
3/17/2021 17:19:52,1.4.2,FreeFeed,6,4.21,1,1,Pellet,Left,0,0,39,0,5.53,nan
3/17/2021 17:20:06,1.4.2,FreeFeed,6,4.20,2,1,Pellet,Left,0,0,40,0,5.86,nan
3/17/2021 17:20:28,1.4.2,FreeFeed,6,4.20,1,1,Pellet,Left,0,0,41,0,15.81,nan
3/17/2021 17:20:45,1.4.2,FreeFeed,6,4.20,2,1,Pellet,Left,0,0,42,0,9.02,nan
3/17/2021 17:21:24,1.4.2,FreeFeed,6,4.20,1,1,Pellet,Left,0,0,43,0,32.55,nan
3/17/2021 17:21:34,1.4.2,FreeFeed,6,4.20,1,1,Pellet,Left,0,0,44,0,2.82,nan
3/17/2021 17:21:51,1.4.2,FreeFeed,6,4.20,1,1,Pellet,Left,0,0,45,0,10.14,nan
3/17/2021 17:22:08,1.4.2,FreeFeed,6,4.20,1,1,Pellet,Left,0,0,46,0,9.94,nan
3/17/2021 17:51:17,1.4.2,FreeFeed,6,4.20,1,1,Pellet,Left,0,0,47,0,Timed_out,nan
3/17/2021 17:51:26,1.4.2,FreeFeed,6,4.20,3,1,Pellet,Left,0,0,48,0,0.06,nan
3/17/2021 17:51:38,1.4.2,FreeFeed,6,4.20,1,1,Pellet,Left,0,0,49,0,5.00,nan
3/17/2021 17:51:51,1.4.2,FreeFeed,6,4.20,2,1,Pellet,Left,0,0,50,0,4.67,nan
3/17/2021 17:52:04,1.4.2,FreeFeed,6,4.20,2,1,Pellet,Left,0,0,51,0,6.05,nan
3/17/2021 17:52:20,1.4.2,FreeFeed,6,4.20,2,1,Pellet,Left,0,0,52,0,9.22,nan
3/17/2021 17:52:35,1.4.2,FreeFeed,6,4.20,1,1,Pellet,Left,0,0,53,0,6.78,nan
3/17/2021 17:52:50,1.4.2,FreeFeed,6,4.20,1,1,Pellet,Left,0,0,54,0,8.16,nan
3/17/2021 17:53:05,1.4.2,FreeFeed,6,4.20,1,1,Pellet,Left,0,0,55,0,7.90,nan
3/17/2021 17:53:19,1.4.2,FreeFeed,6,4.20,1,1,Pellet,Left,0,0,56,0,7.11,nan
3/17/2021 19:29:21,1.4.2,FreeFeed,6,4.19,2,1,Pellet,Left,0,0,57,0,Timed_out,nan
3/17/2021 19:29:29,1.4.2,FreeFeed,6,4.19,1,1,Pellet,Left,0,0,58,0,0.92,nan
3/17/2021 19:29:41,1.4.2,FreeFeed,6,4.19,3,1,Pellet,Left,0,0,59,0,2.03,nan
3/17/2021 19:29:55,1.4.2,FreeFeed,6,4.19,2,1,Pellet,Left,0,0,60,0,6.78,nan
3/17/2021 19:30:11,1.4.2,FreeFeed,6,4.19,2,1,Pellet,Left,0,0,61,0,8.23,nan
3/17/2021 19:30:29,1.4.2,FreeFeed,6,4.18,1,1,Pellet,Left,0,0,62,0,10.27,nan
3/17/2021 19:30:44,1.4.2,FreeFeed,6,4.19,1,1,Pellet,Left,0,0,63,0,7.83,nan
3/17/2021 19:30:56,1.4.2,FreeFeed,6,4.19,1,1,Pellet,Left,0,0,64,0,4.41,nan
3/17/2021 19:31:10,1.4.2,FreeFeed,6,4.19,2,1,Pellet,Left,0,0,65,0,4.21,nan
3/17/2021 19:31:30,1.4.2,FreeFeed,6,4.19,1,1,Pellet,Left,0,0,66,0,12.32,nan
3/17/2021 19:31:45,1.4.2,FreeFeed,6,4.18,2,1,Pellet,Left,0,0,67,0,5.79,nan
3/17/2021 19:31:59,1.4.2,FreeFeed,6,4.19,1,1,Pellet,Left,0,0,68,0,6.78,nan
3/17/2021 19:32:08,1.4.2,FreeFeed,6,4.19,1,1,Pellet,Left,0,0,69,0,2.16,nan
3/17/2021 19:32:25,1.4.2,FreeFeed,6,4.19,2,1,Pellet,Left,0,0,70,0,9.48,nan
3/17/2021 19:32:40,1.4.2,FreeFeed,6,4.19,1,1,Pellet,Left,0,0,71,0,8.03,nan
3/17/2021 19:32:54,1.4.2,FreeFeed,6,4.18,1,1,Pellet,Left,0,0,72,0,6.78,nan
3/17/2021 19:54:56,1.4.2,FreeFeed,6,4.18,1,1,Pellet,Left,0,0,73,0,Timed_out,nan
3/17/2021 19:57:15,1.4.2,FreeFeed,6,4.18,1,1,Pellet,Left,0,0,74,0,Timed_out,nan
3/17/2021 20:12:52,1.4.2,FreeFeed,6,4.18,1,1,Pellet,Left,0,0,75,0,Timed_out,nan
3/17/2021 20:13:25,1.4.2,FreeFeed,6,4.18,2,1,Pellet,Left,0,0,76,0,26.27,nan
3/17/2021 20:13:38,1.4.2,FreeFeed,6,4.18,1,1,Pellet,Left,0,0,77,0,5.86,nan
3/17/2021 20:13:51,1.4.2,FreeFeed,6,4.18,1,1,Pellet,Left,0,0,78,0,5.00,nan
3/17/2021 20:14:02,1.4.2,FreeFeed,6,4.18,1,1,Pellet,Left,0,0,79,0,4.14,nan
3/17/2021 20:17:12,1.4.2,FreeFeed,6,4.18,1,1,Pellet,Left,0,0,80,0,Timed_out,nan
3/17/2021 20:35:13,1.4.2,FreeFeed,6,4.18,1,1,Pellet,Left,0,0,81,0,Timed_out,nan
3/17/2021 20:35:20,1.4.2,FreeFeed,6,4.18,1,1,Pellet,Left,0,0,82,0,1.57,nan
3/17/2021 20:39:32,1.4.2,FreeFeed,6,4.18,2,1,Pellet,Left,0,0,83,0,Timed_out,nan
3/17/2021 20:39:40,1.4.2,FreeFeed,6,4.18,1,1,Pellet,Left,0,0,84,0,1.31,nan
3/17/2021 20:47:48,1.4.2,FreeFeed,6,4.18,2,1,Pellet,Left,0,0,85,0,Timed_out,nan
3/17/2021 20:47:57,1.4.2,FreeFeed,6,4.18,2,1,Pellet,Left,0,0,86,0,0.65,nan
3/17/2021 20:48:04,1.4.2,FreeFeed,6,4.18,2,1,Pellet,Left,0,0,87,0,0.39,nan
3/17/2021 20:48:17,1.4.2,FreeFeed,6,4.18,2,1,Pellet,Left,0,0,88,0,4.93,nan
3/17/2021 20:48:28,1.4.2,FreeFeed,6,4.18,2,1,Pellet,Left,0,0,89,0,4.14,nan
3/17/2021 20:50:20,1.4.2,FreeFeed,6,4.18,1,1,Pellet,Left,0,0,90,0,Timed_out,nan
3/17/2021 20:50:31,1.4.2,FreeFeed,6,4.18,1,1,Pellet,Left,0,0,91,0,3.35,nan
3/17/2021 20:50:43,1.4.2,FreeFeed,6,4.18,2,1,Pellet,Left,0,0,92,0,2.56,nan
3/17/2021 20:59:24,1.4.2,FreeFeed,6,4.17,1,1,Pellet,Left,0,0,93,0,Timed_out,nan
3/17/2021 21:30:12,1.4.2,FreeFeed,6,4.17,1,1,Pellet,Left,0,0,94,0,Timed_out,nan
3/17/2021 21:30:21,1.4.2,FreeFeed,6,4.18,1,1,Pellet,Left,0,0,95,0,1.77,nan
3/17/2021 21:31:50,1.4.2,FreeFeed,6,4.18,3,1,Pellet,Left,0,0,96,0,Timed_out,nan
3/17/2021 22:03:33,1.4.2,FreeFeed,6,4.17,2,1,Pellet,Left,0,0,97,0,Timed_out,nan
3/17/2021 22:03:42,1.4.2,FreeFeed,6,4.17,2,1,Pellet,Left,0,0,98,0,0.59,nan
3/17/2021 22:03:52,1.4.2,FreeFeed,6,4.17,1,1,Pellet,Left,0,0,99,0,3.42,nan
3/17/2021 22:11:52,1.4.2,FreeFeed,6,4.17,2,1,Pellet,Left,0,0,100,0,Timed_out,nan
3/17/2021 22:13:07,1.4.2,FreeFeed,6,4.17,1,1,Pellet,Left,0,0,101,0,Timed_out,nan
3/17/2021 22:15:03,1.4.2,FreeFeed,6,4.17,1,1,Pellet,Left,0,0,102,0,Timed_out,nan
3/17/2021 22:15:21,1.4.2,FreeFeed,6,4.17,1,1,Pellet,Left,0,0,103,0,10.54,nan
3/17/2021 22:15:33,1.4.2,FreeFeed,6,4.17,1,1,Pellet,Left,0,0,104,0,4.67,nan
3/17/2021 22:15:50,1.4.2,FreeFeed,6,4.17,1,1,Pellet,Left,0,0,105,0,9.62,nan
3/17/2021 22:17:39,1.4.2,FreeFeed,6,4.17,1,1,Pellet,Left,0,0,106,0,Timed_out,nan
3/17/2021 22:31:25,1.4.2,FreeFeed,6,4.17,1,1,Pellet,Left,0,0,107,0,Timed_out,nan
3/17/2021 22:32:00,1.4.2,FreeFeed,6,4.16,1,1,Pellet,Left,0,0,108,0,27.26,nan
3/17/2021 22:50:27,1.4.2,FreeFeed,6,4.16,1,1,Pellet,Left,0,0,109,0,Timed_out,nan
3/17/2021 23:02:04,1.4.2,FreeFeed,6,4.16,1,1,Pellet,Left,0,0,110,0,Timed_out,nan
3/17/2021 23:06:06,1.4.2,FreeFeed,6,4.16,1,1,Pellet,Left,0,0,111,0,Timed_out,nan
3/17/2021 23:07:15,1.4.2,FreeFeed,6,4.17,2,1,Pellet,Left,0,0,112,0,Timed_out,nan
3/17/2021 23:07:27,1.4.2,FreeFeed,6,4.17,1,1,Pellet,Left,0,0,113,0,4.54,nan
3/17/2021 23:15:07,1.4.2,FreeFeed,6,4.16,1,1,Pellet,Left,0,0,114,0,Timed_out,nan
3/17/2021 23:17:11,1.4.2,FreeFeed,6,4.16,1,1,Pellet,Left,0,0,115,0,Timed_out,nan
3/17/2021 23:17:18,1.4.2,FreeFeed,6,4.16,1,1,Pellet,Left,0,0,116,0,0.78,nan
3/17/2021 23:17:38,1.4.2,FreeFeed,6,4.16,2,1,Pellet,Left,0,0,117,0,12.32,nan
3/17/2021 23:17:50,1.4.2,FreeFeed,6,4.16,1,1,Pellet,Left,0,0,118,0,4.21,nan
3/17/2021 23:18:00,1.4.2,FreeFeed,6,4.16,2,1,Pellet,Left,0,0,119,0,3.55,nan
3/17/2021 23:18:29,1.4.2,FreeFeed,6,4.16,1,1,Pellet,Left,0,0,120,0,21.90,nan
3/17/2021 23:20:02,1.4.2,FreeFeed,6,4.16,1,1,Pellet,Left,0,0,121,0,Timed_out,nan
3/18/2021 0:24:26,1.4.2,FreeFeed,6,4.16,1,1,Pellet,Left,0,0,122,0,Timed_out,nan
3/18/2021 0:25:14,1.4.2,FreeFeed,6,4.16,5,1,Pellet,Left,0,0,123,0,33.96,nan
3/18/2021 0:26:55,1.4.2,FreeFeed,6,4.16,1,1,Pellet,Left,0,0,124,0,Timed_out,nan
3/18/2021 0:27:11,1.4.2,FreeFeed,6,4.15,2,1,Pellet,Left,0,0,125,0,7.77,nan
3/18/2021 0:27:22,1.4.2,FreeFeed,6,4.16,1,1,Pellet,Left,0,0,126,0,4.47,nan
3/18/2021 0:27:37,1.4.2,FreeFeed,6,4.15,2,1,Pellet,Left,0,0,127,0,7.37,nan
3/18/2021 0:27:53,1.4.2,FreeFeed,6,4.16,1,1,Pellet,Left,0,0,128,0,8.43,nan
3/18/2021 1:02:35,1.4.2,FreeFeed,6,4.16,3,1,Pellet,Left,0,0,129,0,Timed_out,nan
3/18/2021 1:02:52,1.4.2,FreeFeed,6,4.15,2,1,Pellet,Left,0,0,130,0,9.68,nan
3/18/2021 1:03:06,1.4.2,FreeFeed,6,4.15,2,1,Pellet,Left,0,0,131,0,7.11,nan
3/18/2021 2:35:03,1.4.2,FreeFeed,6,4.15,2,1,Pellet,Left,0,0,132,0,Timed_out,nan
3/18/2021 2:36:16,1.4.2,FreeFeed,6,4.14,1,1,Pellet,Left,0,0,133,0,Timed_out,nan
3/18/2021 2:36:24,1.4.2,FreeFeed,6,4.14,1,1,Pellet,Left,0,0,134,0,0.59,nan
3/18/2021 2:36:37,1.4.2,FreeFeed,6,4.14,2,1,Pellet,Left,0,0,135,0,5.33,nan
3/18/2021 2:36:51,1.4.2,FreeFeed,6,4.14,1,1,Pellet,Left,0,0,136,0,6.32,nan
3/18/2021 2:37:00,1.4.2,FreeFeed,6,4.15,1,1,Pellet,Left,0,0,137,0,2.56,nan
3/18/2021 2:37:16,1.4.2,FreeFeed,6,4.14,1,1,Pellet,Left,0,0,138,0,8.56,nan
3/18/2021 2:37:29,1.4.2,FreeFeed,6,4.14,1,1,Pellet,Left,0,0,139,0,6.12,nan
3/18/2021 2:37:44,1.4.2,FreeFeed,6,4.15,1,1,Pellet,Left,0,0,140,0,7.37,nan
3/18/2021 2:37:56,1.4.2,FreeFeed,6,4.15,2,1,Pellet,Left,0,0,141,0,4.28,nan
3/18/2021 2:38:10,1.4.2,FreeFeed,6,4.14,1,1,Pellet,Left,0,0,142,0,6.32,nan
3/18/2021 2:38:23,1.4.2,FreeFeed,6,4.14,1,1,Pellet,Left,0,0,143,0,6.39,nan
3/18/2021 2:38:38,1.4.2,FreeFeed,6,4.14,1,1,Pellet,Left,0,0,144,0,7.18,nan
3/18/2021 2:41:05,1.4.2,FreeFeed,6,4.15,1,1,Pellet,Left,0,0,145,0,Timed_out,nan
3/18/2021 2:55:45,1.4.2,FreeFeed,6,4.15,3,1,Pellet,Left,0,0,146,0,Timed_out,nan
3/18/2021 2:55:54,1.4.2,FreeFeed,6,4.14,2,1,Pellet,Left,0,0,147,0,1.37,nan
3/18/2021 2:58:13,1.4.2,FreeFeed,6,4.14,2,1,Pellet,Left,0,0,148,0,Timed_out,nan
3/18/2021 3:00:08,1.4.2,FreeFeed,6,4.14,1,1,Pellet,Left,0,0,149,0,Timed_out,nan
3/18/2021 3:00:17,1.4.2,FreeFeed,6,4.14,1,1,Pellet,Left,0,0,150,0,1.90,nan
3/18/2021 3:49:05,1.4.2,FreeFeed,6,4.14,1,1,Pellet,Left,0,0,151,0,Timed_out,nan
3/18/2021 3:49:21,1.4.2,FreeFeed,6,4.14,2,1,Pellet,Left,0,0,152,0,9.16,nan
3/18/2021 3:49:45,1.4.2,FreeFeed,6,4.14,1,1,Pellet,Left,0,0,153,0,16.09,nan
3/18/2021 3:50:00,1.4.2,FreeFeed,6,4.14,2,1,Pellet,Left,0,0,154,0,8.36,nan
3/18/2021 3:50:17,1.4.2,FreeFeed,6,4.14,2,1,Pellet,Left,0,0,155,0,9.03,nan
3/18/2021 3:50:35,1.4.2,FreeFeed,6,4.14,2,1,Pellet,Left,0,0,156,0,9.75,nan
3/18/2021 3:50:53,1.4.2,FreeFeed,6,4.14,2,1,Pellet,Left,0,0,157,0,11.27,nan
3/18/2021 3:51:12,1.4.2,FreeFeed,6,4.14,2,1,Pellet,Left,0,0,158,0,10.74,nan
3/18/2021 3:52:36,1.4.2,FreeFeed,6,4.14,2,1,Pellet,Left,0,0,159,0,Timed_out,nan
3/18/2021 3:52:49,1.4.2,FreeFeed,6,4.14,1,1,Pellet,Left,0,0,160,0,6.32,nan
3/18/2021 4:42:38,1.4.2,FreeFeed,6,4.14,1,1,Pellet,Left,0,0,161,0,Timed_out,nan
3/18/2021 4:43:26,1.4.2,FreeFeed,6,4.14,1,1,Pellet,Left,0,0,162,0,41.03,nan
3/18/2021 4:43:46,1.4.2,FreeFeed,6,4.14,1,1,Pellet,Left,0,0,163,0,12.92,nan
3/18/2021 4:44:05,1.4.2,FreeFeed,6,4.14,1,1,Pellet,Left,0,0,164,0,11.80,nan
3/18/2021 4:44:23,1.4.2,FreeFeed,6,4.14,1,1,Pellet,Left,0,0,165,0,11.00,nan
3/18/2021 4:44:31,1.4.2,FreeFeed,6,4.14,2,1,Pellet,Left,0,0,166,0,0.46,nan
3/18/2021 5:10:11,1.4.2,FreeFeed,6,4.14,1,1,Pellet,Left,0,0,167,0,Timed_out,nan
3/18/2021 5:10:25,1.4.2,FreeFeed,6,4.14,1,1,Pellet,Left,0,0,168,0,6.98,nan
3/18/2021 5:10:39,1.4.2,FreeFeed,6,4.13,1,1,Pellet,Left,0,0,169,0,6.72,nan
3/18/2021 5:10:54,1.4.2,FreeFeed,6,4.14,1,1,Pellet,Left,0,0,170,0,7.57,nan
3/18/2021 5:11:09,1.4.2,FreeFeed,6,4.14,1,1,Pellet,Left,0,0,171,0,8.36,nan
3/18/2021 5:11:26,1.4.2,FreeFeed,6,4.14,1,1,Pellet,Left,0,0,172,0,8.49,nan
3/18/2021 5:11:40,1.4.2,FreeFeed,6,4.14,1,1,Pellet,Left,0,0,173,0,7.04,nan
3/18/2021 5:11:56,1.4.2,FreeFeed,6,4.14,1,1,Pellet,Left,0,0,174,0,8.49,nan
3/18/2021 5:12:11,1.4.2,FreeFeed,6,4.13,1,1,Pellet,Left,0,0,175,0,7.57,nan
3/18/2021 5:47:07,1.4.2,FreeFeed,6,4.13,1,1,Pellet,Left,0,0,176,0,Timed_out,nan
3/18/2021 5:47:34,1.4.2,FreeFeed,6,4.14,1,1,Pellet,Left,0,0,177,0,19.46,nan
3/18/2021 5:47:48,1.4.2,FreeFeed,6,4.13,1,1,Pellet,Left,0,0,178,0,7.11,nan
3/18/2021 5:48:05,1.4.2,FreeFeed,6,4.14,1,1,Pellet,Left,0,0,179,0,9.68,nan
3/18/2021 5:48:19,1.4.2,FreeFeed,6,4.13,1,1,Pellet,Left,0,0,180,0,7.70,nan
3/18/2021 5:48:40,1.4.2,FreeFeed,6,4.13,1,1,Pellet,Left,0,0,181,0,14.11,nan
3/18/2021 5:48:56,1.4.2,FreeFeed,6,4.13,2,1,Pellet,Left,0,0,182,0,8.30,nan
3/18/2021 5:49:11,1.4.2,FreeFeed,6,4.13,1,1,Pellet,Left,0,0,183,0,7.84,nan
3/18/2021 5:49:27,1.4.2,FreeFeed,6,4.13,1,1,Pellet,Left,0,0,184,0,9.22,nan
3/18/2021 5:49:44,1.4.2,FreeFeed,6,4.13,2,1,Pellet,Left,0,0,185,0,10.01,nan
3/18/2021 5:50:03,1.4.2,FreeFeed,6,4.13,1,1,Pellet,Left,0,0,186,0,12.20,nan
3/18/2021 5:50:19,1.4.2,FreeFeed,6,4.13,1,1,Pellet,Left,0,0,187,0,8.37,nan
3/18/2021 5:50:36,1.4.2,FreeFeed,6,4.13,1,1,Pellet,Left,0,0,188,0,9.88,nan
3/18/2021 5:50:55,1.4.2,FreeFeed,6,4.13,1,1,Pellet,Left,0,0,189,0,11.34,nan
3/18/2021 5:51:11,1.4.2,FreeFeed,6,4.13,1,1,Pellet,Left,0,0,190,0,9.03,nan
3/18/2021 6:26:21,1.4.2,FreeFeed,6,4.13,1,1,Pellet,Left,0,0,191,0,Timed_out,nan
3/18/2021 6:26:33,1.4.2,FreeFeed,6,4.13,1,1,Pellet,Left,0,0,192,0,4.74,nan
3/18/2021 6:26:42,1.4.2,FreeFeed,6,4.13,2,1,Pellet,Left,0,0,193,0,1.05,nan
3/18/2021 6:26:56,1.4.2,FreeFeed,6,4.13,1,1,Pellet,Left,0,0,194,0,6.12,nan
3/18/2021 6:27:10,1.4.2,FreeFeed,6,4.13,1,1,Pellet,Left,0,0,195,0,7.24,nan
3/18/2021 6:27:26,1.4.2,FreeFeed,6,4.13,1,1,Pellet,Left,0,0,196,0,9.56,nan
3/18/2021 6:27:37,1.4.2,FreeFeed,6,4.12,1,1,Pellet,Left,0,0,197,0,4.21,nan
3/18/2021 6:27:55,1.4.2,FreeFeed,6,4.14,2,1,Pellet,Left,0,0,198,0,10.54,nan
3/18/2021 6:28:12,1.4.2,FreeFeed,6,4.13,1,1,Pellet,Left,0,0,199,0,9.69,nan
3/18/2021 6:28:30,1.4.2,FreeFeed,6,4.13,1,1,Pellet,Left,0,0,200,0,10.48,nan
3/18/2021 6:28:50,1.4.2,FreeFeed,6,4.13,1,1,Pellet,Left,0,0,201,0,12.13,nan
3/18/2021 6:29:06,1.4.2,FreeFeed,6,4.12,1,1,Pellet,Left,0,0,202,0,9.95,nan
3/18/2021 8:13:51,1.4.2,FreeFeed,6,4.13,2,1,Pellet,Left,0,0,203,0,Timed_out,nan
3/18/2021 9:14:45,1.4.2,FreeFeed,6,4.12,1,1,Pellet,Left,0,0,204,0,Timed_out,nan
3/18/2021 9:14:53,1.4.2,FreeFeed,6,4.12,2,1,Pellet,Left,0,0,205,0,0.92,nan
3/18/2021 9:15:01,1.4.2,FreeFeed,6,4.12,1,1,Pellet,Left,0,0,206,0,0.65,nan
3/18/2021 9:15:27,1.4.2,FreeFeed,6,4.12,1,1,Pellet,Left,0,0,207,0,19.00,nan
3/18/2021 9:17:54,1.4.2,FreeFeed,6,4.12,1,1,Pellet,Left,0,0,208,0,Timed_out,nan
3/18/2021 9:18:16,1.4.2,FreeFeed,6,4.12,1,1,Pellet,Left,0,0,209,0,14.97,nan
3/18/2021 10:00:50,1.4.2,FreeFeed,6,4.12,1,1,Pellet,Left,0,0,210,0,Timed_out,nan
3/18/2021 10:01:27,1.4.2,FreeFeed,6,4.12,2,1,Pellet,Left,0,0,211,0,28.32,nan
3/18/2021 10:01:32,1.4.2,FreeFeed,6,4.12,1,1,Pellet,Left,0,0,212,0,0.06,nan
3/18/2021 10:01:47,1.4.2,FreeFeed,6,4.12,2,1,Pellet,Left,0,0,213,0,7.83,nan
3/18/2021 10:03:47,1.4.2,FreeFeed,6,4.12,1,1,Pellet,Left,0,0,214,0,Timed_out,nan
3/18/2021 11:07:15,1.4.2,FreeFeed,6,4.12,1,1,Pellet,Left,0,0,215,0,Timed_out,nan
3/18/2021 11:07:24,1.4.2,FreeFeed,6,4.11,2,1,Pellet,Left,0,0,216,0,1.37,nan
3/18/2021 11:07:41,1.4.2,FreeFeed,6,4.11,1,1,Pellet,Left,0,0,217,0,9.22,nan
3/18/2021 11:07:59,1.4.2,FreeFeed,6,4.12,1,1,Pellet,Left,0,0,218,0,11.53,nan
3/18/2021 11:08:18,1.4.2,FreeFeed,6,4.11,1,1,Pellet,Left,0,0,219,0,11.53,nan
3/18/2021 11:08:40,1.4.2,FreeFeed,6,4.12,2,1,Pellet,Left,0,0,220,0,14.30,nan
3/18/2021 11:08:58,1.4.2,FreeFeed,6,4.11,1,1,Pellet,Left,0,0,221,0,9.88,nan
3/18/2021 11:09:18,1.4.2,FreeFeed,6,4.11,1,1,Pellet,Left,0,0,222,0,13.12,nan
3/18/2021 11:09:38,1.4.2,FreeFeed,6,4.11,1,1,Pellet,Left,0,0,223,0,13.45,nan
3/18/2021 11:09:47,1.4.2,FreeFeed,6,4.11,1,1,Pellet,Left,0,0,224,0,1.18,nan
3/18/2021 11:11:22,1.4.2,FreeFeed,6,4.11,1,1,Pellet,Left,0,0,225,0,Timed_out,nan
3/18/2021 11:11:50,1.4.2,FreeFeed,6,4.11,1,1,Pellet,Left,0,0,226,0,20.51,nan
3/18/2021 11:12:02,1.4.2,FreeFeed,6,4.11,1,1,Pellet,Left,0,0,227,0,4.21,nan
3/18/2021 11:12:21,1.4.2,FreeFeed,6,4.11,1,1,Pellet,Left,0,0,228,0,12.39,nan
3/18/2021 12:43:20,1.4.2,FreeFeed,6,4.11,2,1,Pellet,Left,0,0,229,0,Timed_out,nan
3/18/2021 12:43:41,1.4.2,FreeFeed,6,4.11,2,1,Pellet,Left,0,0,230,0,11.40,nan
3/18/2021 12:43:55,1.4.2,FreeFeed,6,4.11,1,1,Pellet,Left,0,0,231,0,6.45,nan
3/18/2021 12:44:10,1.4.2,FreeFeed,6,4.11,1,1,Pellet,Left,0,0,232,0,7.90,nan
3/18/2021 12:44:27,1.4.2,FreeFeed,6,4.11,1,1,Pellet,Left,0,0,233,0,9.62,nan
3/18/2021 12:44:45,1.4.2,FreeFeed,6,4.11,1,1,Pellet,Left,0,0,234,0,10.68,nan
3/18/2021 12:45:02,1.4.2,FreeFeed,6,4.11,1,1,Pellet,Left,0,0,235,0,10.15,nan
3/18/2021 13:42:14,1.4.2,FreeFeed,6,4.11,1,1,Pellet,Left,0,0,236,0,Timed_out,nan
3/18/2021 13:43:04,1.4.2,FreeFeed,6,4.11,1,1,Pellet,Left,0,0,237,0,43.37,nan
3/18/2021 13:52:04,1.4.2,FreeFeed,6,4.11,1,1,Pellet,Left,0,0,238,0,Timed_out,nan
3/18/2021 14:30:03,1.4.2,FreeFeed,6,4.11,1,1,Pellet,Left,0,0,239,0,Timed_out,nan
3/18/2021 15:05:53,1.4.2,FreeFeed,6,4.11,1,1,Pellet,Left,0,0,240,0,Timed_out,nan
3/18/2021 15:06:12,1.4.2,FreeFeed,6,4.11,1,1,Pellet,Left,0,0,241,0,10.87,nan
3/18/2021 15:06:31,1.4.2,FreeFeed,6,4.11,1,1,Pellet,Left,0,0,242,0,12.52,nan
3/18/2021 15:06:56,1.4.2,FreeFeed,6,4.11,2,1,Pellet,Left,0,0,243,0,16.95,nan
3/18/2021 15:07:17,1.4.2,FreeFeed,6,4.10,1,1,Pellet,Left,0,0,244,0,14.04,nan
3/18/2021 15:07:33,1.4.2,FreeFeed,6,4.10,1,1,Pellet,Left,0,0,245,0,9.35,nan
3/18/2021 15:08:00,1.4.2,FreeFeed,6,4.10,1,1,Pellet,Left,0,0,246,0,18.67,nan
3/18/2021 16:18:27,1.4.2,FreeFeed,6,4.10,1,1,Pellet,Left,0,0,247,0,Timed_out,nan
3/18/2021 16:18:37,1.4.2,FreeFeed,6,4.10,1,1,Pellet,Left,0,0,248,0,3.09,nan
3/18/2021 16:18:53,1.4.2,FreeFeed,6,4.10,1,1,Pellet,Left,0,0,249,0,8.89,nan
3/18/2021 16:19:09,1.4.2,FreeFeed,6,4.10,1,1,Pellet,Left,0,0,250,0,9.16,nan
3/18/2021 16:19:25,1.4.2,FreeFeed,6,4.10,1,1,Pellet,Left,0,0,251,0,8.83,nan
3/18/2021 16:19:33,1.4.2,FreeFeed,6,4.11,2,1,Pellet,Left,0,0,252,0,0.13,nan
3/18/2021 16:20:15,1.4.2,FreeFeed,6,4.11,1,1,Pellet,Left,0,0,253,0,35.02,nan
3/18/2021 16:52:07,1.4.2,FreeFeed,6,4.10,1,1,Pellet,Left,0,0,254,0,Timed_out,nan
3/18/2021 17:03:04,1.4.2,FreeFeed,6,4.10,2,1,Pellet,Left,0,0,255,0,Timed_out,nan
3/18/2021 17:03:21,1.4.2,FreeFeed,6,4.10,1,1,Pellet,Left,0,0,256,0,9.69,nan
3/18/2021 17:03:37,1.4.2,FreeFeed,6,4.10,1,1,Pellet,Left,0,0,257,0,8.57,nan
3/18/2021 17:06:23,1.4.2,FreeFeed,6,4.10,2,1,Pellet,Left,0,0,258,0,Timed_out,nan
3/18/2021 18:01:07,1.4.2,FreeFeed,6,4.09,2,1,Pellet,Left,0,0,259,0,Timed_out,nan
3/18/2021 18:01:42,1.4.2,FreeFeed,6,4.09,1,1,Pellet,Left,0,0,260,0,28.93,nan
3/18/2021 18:01:51,1.4.2,FreeFeed,6,4.10,2,1,Pellet,Left,0,0,261,0,0.78,nan
3/18/2021 18:02:27,1.4.2,FreeFeed,6,4.09,2,1,Pellet,Left,0,0,262,0,27.53,nan
3/18/2021 18:02:42,1.4.2,FreeFeed,6,4.09,2,1,Pellet,Left,0,0,263,0,6.98,nan
3/18/2021 18:02:59,1.4.2,FreeFeed,6,4.09,1,1,Pellet,Left,0,0,264,0,10.02,nan
3/18/2021 18:03:16,1.4.2,FreeFeed,6,4.09,1,1,Pellet,Left,0,0,265,0,10.21,nan
3/18/2021 19:37:38,1.4.2,FreeFeed,6,4.09,1,1,Pellet,Left,0,0,266,0,Timed_out,nan
3/18/2021 19:43:17,1.4.2,FreeFeed,6,4.09,1,1,Pellet,Left,0,0,267,0,Timed_out,nan
3/18/2021 20:10:38,1.4.2,FreeFeed,6,4.09,1,1,Pellet,Left,0,0,268,0,Timed_out,nan
3/18/2021 20:29:23,1.4.2,FreeFeed,6,4.09,1,1,Pellet,Left,0,0,269,0,Timed_out,nan
3/18/2021 20:34:15,1.4.2,FreeFeed,6,4.09,1,1,Pellet,Left,0,0,270,0,Timed_out,nan
3/18/2021 20:34:34,1.4.2,FreeFeed,6,4.08,2,1,Pellet,Left,0,0,271,0,10.68,nan
3/18/2021 20:34:50,1.4.2,FreeFeed,6,4.09,2,1,Pellet,Left,0,0,272,0,8.89,nan
3/18/2021 20:35:00,1.4.2,FreeFeed,6,4.09,2,1,Pellet,Left,0,0,273,0,2.23,nan
3/18/2021 20:35:09,1.4.2,FreeFeed,6,4.09,2,1,Pellet,Left,0,0,274,0,1.24,nan
3/18/2021 20:35:23,1.4.2,FreeFeed,6,4.09,2,1,Pellet,Left,0,0,275,0,6.85,nan
3/18/2021 20:35:34,1.4.2,FreeFeed,6,4.09,2,1,Pellet,Left,0,0,276,0,3.29,nan
3/18/2021 20:35:46,1.4.2,FreeFeed,6,4.09,1,1,Pellet,Left,0,0,277,0,4.34,nan
3/18/2021 20:35:58,1.4.2,FreeFeed,6,4.09,1,1,Pellet,Left,0,0,278,0,4.80,nan
3/18/2021 20:39:52,1.4.2,FreeFeed,6,4.09,1,1,Pellet,Left,0,0,279,0,Timed_out,nan
3/18/2021 20:40:01,1.4.2,FreeFeed,6,4.09,1,1,Pellet,Left,0,0,280,0,1.24,nan
3/18/2021 20:54:14,1.4.2,FreeFeed,6,4.08,1,1,Pellet,Left,0,0,281,0,Timed_out,nan
3/18/2021 20:54:23,1.4.2,FreeFeed,6,4.09,1,1,Pellet,Left,0,0,282,0,1.18,nan
3/18/2021 20:54:36,1.4.2,FreeFeed,6,4.09,1,1,Pellet,Left,0,0,283,0,6.12,nan
3/18/2021 20:54:42,1.4.2,FreeFeed,6,4.09,1,1,Pellet,Left,0,0,284,0,0.06,nan
3/18/2021 20:54:54,1.4.2,FreeFeed,6,4.09,1,1,Pellet,Left,0,0,285,0,4.54,nan
3/18/2021 20:55:07,1.4.2,FreeFeed,6,4.09,1,1,Pellet,Left,0,0,286,0,5.46,nan
3/18/2021 20:59:22,1.4.2,FreeFeed,6,4.09,1,1,Pellet,Left,0,0,287,0,Timed_out,nan
3/18/2021 21:07:14,1.4.2,FreeFeed,6,4.09,1,1,Pellet,Left,0,0,288,0,Timed_out,nan
3/18/2021 21:09:13,1.4.2,FreeFeed,6,4.09,1,1,Pellet,Left,0,0,289,0,Timed_out,nan
3/18/2021 21:16:10,1.4.2,FreeFeed,6,4.09,1,1,Pellet,Left,0,0,290,0,Timed_out,nan
3/18/2021 21:23:29,1.4.2,FreeFeed,6,4.08,1,1,Pellet,Left,0,0,291,0,Timed_out,nan
3/18/2021 21:23:47,1.4.2,FreeFeed,6,4.08,1,1,Pellet,Left,0,0,292,0,10.61,nan
3/18/2021 21:45:20,1.4.2,FreeFeed,6,4.09,1,1,Pellet,Left,0,0,293,0,Timed_out,nan
3/18/2021 21:45:27,1.4.2,FreeFeed,6,4.08,2,1,Pellet,Left,0,0,294,0,0.06,nan
3/18/2021 21:45:41,1.4.2,FreeFeed,6,4.08,1,1,Pellet,Left,0,0,295,0,6.45,nan
3/18/2021 21:45:57,1.4.2,FreeFeed,6,4.09,1,1,Pellet,Left,0,0,296,0,7.91,nan
3/18/2021 21:46:11,1.4.2,FreeFeed,6,4.08,1,1,Pellet,Left,0,0,297,0,7.51,nan
3/18/2021 21:46:29,1.4.2,FreeFeed,6,4.08,1,1,Pellet,Left,0,0,298,0,10.21,nan
3/18/2021 21:52:12,1.4.2,FreeFeed,6,4.09,1,1,Pellet,Left,0,0,299,0,Timed_out,nan
3/18/2021 21:52:34,1.4.2,FreeFeed,6,4.07,1,1,Pellet,Left,0,0,300,0,14.25,nan
3/18/2021 21:52:49,1.4.2,FreeFeed,6,4.08,1,1,Pellet,Left,0,0,301,0,7.31,nan
3/18/2021 22:39:56,1.4.2,FreeFeed,6,4.08,1,1,Pellet,Left,0,0,302,0,Timed_out,nan
3/18/2021 23:10:38,1.4.2,FreeFeed,6,4.08,1,1,Pellet,Left,0,0,303,0,Timed_out,nan
3/18/2021 23:10:47,1.4.2,FreeFeed,6,4.08,1,1,Pellet,Left,0,0,304,0,1.57,nan
3/18/2021 23:10:58,1.4.2,FreeFeed,6,4.08,1,1,Pellet,Left,0,0,305,0,4.08,nan
3/18/2021 23:11:06,1.4.2,FreeFeed,6,4.08,1,1,Pellet,Left,0,0,306,0,0.39,nan
3/18/2021 23:11:18,1.4.2,FreeFeed,6,4.08,2,1,Pellet,Left,0,0,307,0,4.41,nan
3/18/2021 23:13:01,1.4.2,FreeFeed,6,4.08,1,1,Pellet,Left,0,0,308,0,Timed_out,nan
3/18/2021 23:37:20,1.4.2,FreeFeed,6,4.08,1,1,Pellet,Left,0,0,309,0,Timed_out,nan
3/18/2021 23:37:46,1.4.2,FreeFeed,6,4.08,2,1,Pellet,Left,0,0,310,0,16.36,nan
3/18/2021 23:37:51,1.4.2,FreeFeed,6,4.07,1,1,Pellet,Left,0,0,311,0,0.13,nan
3/18/2021 23:37:59,1.4.2,FreeFeed,6,4.08,1,1,Pellet,Left,0,0,312,0,0.85,nan
3/18/2021 23:38:09,1.4.2,FreeFeed,6,4.08,1,1,Pellet,Left,0,0,313,0,2.76,nan
3/18/2021 23:38:28,1.4.2,FreeFeed,6,4.08,2,1,Pellet,Left,0,0,314,0,11.34,nan
3/18/2021 23:38:41,1.4.2,FreeFeed,6,4.08,1,1,Pellet,Left,0,0,315,0,5.73,nan
3/18/2021 23:38:58,1.4.2,FreeFeed,6,4.08,2,1,Pellet,Left,0,0,316,0,9.29,nan
3/18/2021 23:39:11,1.4.2,FreeFeed,6,4.08,1,1,Pellet,Left,0,0,317,0,5.93,nan
3/18/2021 23:39:28,1.4.2,FreeFeed,6,4.08,2,1,Pellet,Left,0,0,318,0,9.29,nan
3/18/2021 23:39:42,1.4.2,FreeFeed,6,4.07,1,1,Pellet,Left,0,0,319,0,6.85,nan
3/19/2021 0:01:25,1.4.2,FreeFeed,6,4.07,2,1,Pellet,Left,0,0,320,0,Timed_out,nan
3/19/2021 0:01:47,1.4.2,FreeFeed,6,4.08,2,1,Pellet,Left,0,0,321,0,12.72,nan
3/19/2021 0:01:55,1.4.2,FreeFeed,6,4.08,1,1,Pellet,Left,0,0,322,0,0.46,nan
3/19/2021 0:02:06,1.4.2,FreeFeed,6,4.08,1,1,Pellet,Left,0,0,323,0,3.22,nan
3/19/2021 0:02:19,1.4.2,FreeFeed,6,4.07,1,1,Pellet,Left,0,0,324,0,6.06,nan
3/19/2021 0:02:35,1.4.2,FreeFeed,6,4.07,2,1,Pellet,Left,0,0,325,0,8.83,nan
3/19/2021 0:02:51,1.4.2,FreeFeed,6,4.08,1,1,Pellet,Left,0,0,326,0,9.09,nan
3/19/2021 0:17:49,1.4.2,FreeFeed,6,4.08,1,1,Pellet,Left,0,0,327,0,Timed_out,nan
3/19/2021 0:50:02,1.4.2,FreeFeed,6,4.08,1,1,Pellet,Left,0,0,328,0,Timed_out,nan
3/19/2021 0:50:16,1.4.2,FreeFeed,6,4.08,1,1,Pellet,Left,0,0,329,0,6.06,nan
3/19/2021 0:50:33,1.4.2,FreeFeed,6,4.07,1,1,Pellet,Left,0,0,330,0,9.95,nan
3/19/2021 0:50:47,1.4.2,FreeFeed,6,4.07,1,1,Pellet,Left,0,0,331,0,7.31,nan
3/19/2021 1:20:24,1.4.2,FreeFeed,6,4.07,1,1,Pellet,Left,0,0,332,0,Timed_out,nan
3/19/2021 1:20:33,1.4.2,FreeFeed,6,4.07,1,1,Pellet,Left,0,0,333,0,1.90,nan
3/19/2021 1:20:48,1.4.2,FreeFeed,6,4.07,1,1,Pellet,Left,0,0,334,0,7.84,nan
3/19/2021 1:22:29,1.4.2,FreeFeed,6,4.07,1,1,Pellet,Left,0,0,335,0,Timed_out,nan
3/19/2021 1:23:31,1.4.2,FreeFeed,6,4.07,1,1,Pellet,Left,0,0,336,0,55.02,nan
3/19/2021 1:32:07,1.4.2,FreeFeed,6,4.07,2,1,Pellet,Left,0,0,337,0,Timed_out,nan
3/19/2021 1:32:19,1.4.2,FreeFeed,6,4.07,4,1,Pellet,Left,0,0,338,0,0.06,nan
3/19/2021 1:36:13,1.4.2,FreeFeed,6,4.07,5,1,Pellet,Left,0,0,339,0,Timed_out,nan
3/19/2021 1:36:29,1.4.2,FreeFeed,6,4.07,1,1,Pellet,Left,0,0,340,0,8.30,nan
3/19/2021 1:36:43,1.4.2,FreeFeed,6,4.07,2,1,Pellet,Left,0,0,341,0,6.39,nan
3/19/2021 2:10:52,1.4.2,FreeFeed,6,4.07,1,1,Pellet,Left,0,0,342,0,Timed_out,nan
3/19/2021 2:11:09,1.4.2,FreeFeed,6,4.07,1,1,Pellet,Left,0,0,343,0,10.15,nan
3/19/2021 2:11:23,1.4.2,FreeFeed,6,4.07,2,1,Pellet,Left,0,0,344,0,6.65,nan
3/19/2021 2:11:41,1.4.2,FreeFeed,6,4.07,2,1,Pellet,Left,0,0,345,0,10.60,nan
3/19/2021 2:11:58,1.4.2,FreeFeed,6,4.07,1,1,Pellet,Left,0,0,346,0,10.21,nan
3/19/2021 2:12:21,1.4.2,FreeFeed,6,4.07,1,1,Pellet,Left,0,0,347,0,15.56,nan
3/19/2021 2:12:39,1.4.2,FreeFeed,6,4.07,1,1,Pellet,Left,0,0,348,0,11.27,nan
3/19/2021 2:13:00,1.4.2,FreeFeed,6,4.07,2,1,Pellet,Left,0,0,349,0,13.98,nan
3/19/2021 2:48:34,1.4.2,FreeFeed,6,4.07,2,1,Pellet,Left,0,0,350,0,Timed_out,nan
3/19/2021 2:48:43,1.4.2,FreeFeed,6,4.07,1,1,Pellet,Left,0,0,351,0,2.10,nan
3/19/2021 2:48:55,1.4.2,FreeFeed,6,4.07,1,1,Pellet,Left,0,0,352,0,5.26,nan
3/19/2021 2:49:14,1.4.2,FreeFeed,6,4.07,1,1,Pellet,Left,0,0,353,0,10.68,nan
3/19/2021 2:49:32,1.4.2,FreeFeed,6,4.07,1,1,Pellet,Left,0,0,354,0,11.07,nan
3/19/2021 2:49:50,1.4.2,FreeFeed,6,4.07,3,1,Pellet,Left,0,0,355,0,6.98,nan
3/19/2021 3:06:09,1.4.2,FreeFeed,6,4.07,1,1,Pellet,Left,0,0,356,0,Timed_out,nan
3/19/2021 3:47:46,1.4.2,FreeFeed,6,4.07,1,1,Pellet,Left,0,0,357,0,Timed_out,nan
3/19/2021 3:47:55,1.4.2,FreeFeed,6,4.07,1,1,Pellet,Left,0,0,358,0,1.05,nan
3/19/2021 3:48:08,1.4.2,FreeFeed,6,4.07,1,1,Pellet,Left,0,0,359,0,6.79,nan
3/19/2021 3:48:22,1.4.2,FreeFeed,6,4.07,1,1,Pellet,Left,0,0,360,0,6.26,nan
3/19/2021 3:48:39,1.4.2,FreeFeed,6,4.07,1,1,Pellet,Left,0,0,361,0,10.22,nan
3/19/2021 3:48:53,1.4.2,FreeFeed,6,4.07,1,1,Pellet,Left,0,0,362,0,7.77,nan
3/19/2021 3:49:13,1.4.2,FreeFeed,6,4.07,1,1,Pellet,Left,0,0,363,0,12.20,nan
3/19/2021 4:19:14,1.4.2,FreeFeed,6,4.07,2,1,Pellet,Left,0,0,364,0,Timed_out,nan
3/19/2021 4:19:26,1.4.2,FreeFeed,6,4.07,1,1,Pellet,Left,0,0,365,0,5.40,nan
3/19/2021 4:19:56,1.4.2,FreeFeed,6,4.07,2,1,Pellet,Left,0,0,366,0,19.92,nan
3/19/2021 5:03:33,1.4.2,FreeFeed,6,4.07,1,1,Pellet,Left,0,0,367,0,Timed_out,nan
3/19/2021 5:03:53,1.4.2,FreeFeed,6,4.07,1,1,Pellet,Left,0,0,368,0,12.26,nan
3/19/2021 5:04:07,1.4.2,FreeFeed,6,4.07,1,1,Pellet,Left,0,0,369,0,7.25,nan
3/19/2021 5:04:21,1.4.2,FreeFeed,6,4.07,1,1,Pellet,Left,0,0,370,0,5.86,nan
3/19/2021 5:04:35,1.4.2,FreeFeed,6,4.07,1,1,Pellet,Left,0,0,371,0,7.18,nan
3/19/2021 5:04:52,1.4.2,FreeFeed,6,4.07,1,1,Pellet,Left,0,0,372,0,9.75,nan
3/19/2021 5:05:10,1.4.2,FreeFeed,6,4.07,1,1,Pellet,Left,0,0,373,0,11.27,nan
3/19/2021 5:32:28,1.4.2,FreeFeed,6,4.07,1,1,Pellet,Left,0,0,374,0,Timed_out,nan
3/19/2021 5:32:46,1.4.2,FreeFeed,6,4.07,1,1,Pellet,Left,0,0,375,0,10.81,nan
3/19/2021 5:32:54,1.4.2,FreeFeed,6,4.07,2,1,Pellet,Left,0,0,376,0,0.78,nan
3/19/2021 5:33:09,1.4.2,FreeFeed,6,4.07,1,1,Pellet,Left,0,0,377,0,8.63,nan
3/19/2021 5:33:34,1.4.2,FreeFeed,6,4.07,1,1,Pellet,Left,0,0,378,0,16.89,nan
3/19/2021 5:33:48,1.4.2,FreeFeed,6,4.07,2,1,Pellet,Left,0,0,379,0,7.25,nan
3/19/2021 5:34:08,1.4.2,FreeFeed,6,4.06,1,1,Pellet,Left,0,0,380,0,11.73,nan
3/19/2021 6:11:19,1.4.2,FreeFeed,6,4.06,1,1,Pellet,Left,0,0,381,0,Timed_out,nan
3/19/2021 6:11:27,1.4.2,FreeFeed,6,4.06,1,1,Pellet,Left,0,0,382,0,0.52,nan
3/19/2021 6:11:38,1.4.2,FreeFeed,6,4.06,1,1,Pellet,Left,0,0,383,0,4.28,nan
3/19/2021 6:11:52,1.4.2,FreeFeed,6,4.06,2,1,Pellet,Left,0,0,384,0,6.72,nan
3/19/2021 6:12:08,1.4.2,FreeFeed,6,4.06,1,1,Pellet,Left,0,0,385,0,8.89,nan
3/19/2021 6:12:19,1.4.2,FreeFeed,6,4.06,2,1,Pellet,Left,0,0,386,0,2.03,nan
3/19/2021 6:12:36,1.4.2,FreeFeed,6,4.07,1,1,Pellet,Left,0,0,387,0,9.56,nan
3/19/2021 6:13:42,1.4.2,FreeFeed,6,4.06,1,1,Pellet,Left,0,0,388,0,58.45,nan
3/19/2021 6:13:50,1.4.2,FreeFeed,6,4.07,2,1,Pellet,Left,0,0,389,0,0.39,nan
3/19/2021 6:14:01,1.4.2,FreeFeed,6,4.07,1,1,Pellet,Left,0,0,390,0,3.68,nan
3/19/2021 6:14:14,1.4.2,FreeFeed,6,4.06,1,1,Pellet,Left,0,0,391,0,6.19,nan
3/19/2021 6:14:28,1.4.2,FreeFeed,6,4.07,1,1,Pellet,Left,0,0,392,0,7.11,nan
3/19/2021 6:25:21,1.4.2,FreeFeed,6,4.06,1,1,Pellet,Left,0,0,393,0,Timed_out,nan
3/19/2021 6:27:16,1.4.2,FreeFeed,6,4.07,1,1,Pellet,Left,0,0,394,0,Timed_out,nan
3/19/2021 6:34:20,1.4.2,FreeFeed,6,4.06,1,1,Pellet,Left,0,0,395,0,Timed_out,nan
3/19/2021 7:19:12,1.4.2,FreeFeed,6,4.06,1,1,Pellet,Left,0,0,396,0,Timed_out,nan
3/19/2021 7:19:33,1.4.2,FreeFeed,6,4.06,1,1,Pellet,Left,0,0,397,0,13.38,nan
3/19/2021 7:20:00,1.4.2,FreeFeed,6,4.07,2,1,Pellet,Left,0,0,398,0,19.33,nan
3/19/2021 7:20:09,1.4.2,FreeFeed,6,4.07,1,1,Pellet,Left,0,0,399,0,1.57,nan
3/19/2021 7:20:21,1.4.2,FreeFeed,6,4.06,1,1,Pellet,Left,0,0,400,0,4.93,nan
3/19/2021 7:20:39,1.4.2,FreeFeed,6,4.06,1,1,Pellet,Left,0,0,401,0,10.74,nan
3/19/2021 7:24:37,1.4.2,FreeFeed,6,4.06,1,1,Pellet,Left,0,0,402,0,Timed_out,nan
3/19/2021 8:32:31,1.4.2,FreeFeed,6,4.07,1,1,Pellet,Left,0,0,403,0,Timed_out,nan
3/19/2021 9:04:06,1.4.2,FreeFeed,6,4.06,2,1,Pellet,Left,0,0,404,0,Timed_out,nan
3/19/2021 9:04:15,1.4.2,FreeFeed,6,4.06,1,1,Pellet,Left,0,0,405,0,0.78,nan
3/19/2021 9:04:29,1.4.2,FreeFeed,6,4.06,1,1,Pellet,Left,0,0,406,0,6.98,nan
3/19/2021 9:06:08,1.4.2,FreeFeed,6,4.06,1,1,Pellet,Left,0,0,407,0,Timed_out,nan
3/19/2021 9:06:16,1.4.2,FreeFeed,6,4.05,1,1,Pellet,Left,0,0,408,0,0.65,nan
3/19/2021 9:06:33,1.4.2,FreeFeed,6,4.06,1,1,Pellet,Left,0,0,409,0,9.62,nan
3/19/2021 9:06:46,1.4.2,FreeFeed,6,4.06,1,1,Pellet,Left,0,0,410,0,6.45,nan
3/19/2021 9:07:03,1.4.2,FreeFeed,6,4.07,2,1,Pellet,Left,0,0,411,0,9.22,nan
3/19/2021 9:07:23,1.4.2,FreeFeed,6,4.05,1,1,Pellet,Left,0,0,412,0,11.66,nan
3/19/2021 10:40:25,1.4.2,FreeFeed,6,4.06,1,1,Pellet,Left,0,0,413,0,Timed_out,nan
3/19/2021 11:52:05,1.4.2,FreeFeed,6,4.06,1,1,Pellet,Left,0,0,414,0,Timed_out,nan
3/19/2021 11:52:26,1.4.2,FreeFeed,6,4.05,2,1,Pellet,Left,0,0,415,0,13.24,nan
3/19/2021 11:52:50,1.4.2,FreeFeed,6,4.05,1,1,Pellet,Left,0,0,416,0,16.75,nan
3/19/2021 11:53:11,1.4.2,FreeFeed,6,4.05,1,1,Pellet,Left,0,0,417,0,12.85,nan
3/19/2021 11:53:27,1.4.2,FreeFeed,6,4.05,1,1,Pellet,Left,0,0,418,0,9.28,nan
3/19/2021 11:53:45,1.4.2,FreeFeed,6,4.05,1,1,Pellet,Left,0,0,419,0,10.14,nan
3/19/2021 11:53:52,1.4.2,FreeFeed,6,4.05,1,1,Pellet,Left,0,0,420,0,0.78,nan
3/19/2021 11:54:11,1.4.2,FreeFeed,6,4.05,1,1,Pellet,Left,0,0,421,0,11.60,nan
3/19/2021 11:54:30,1.4.2,FreeFeed,6,4.05,1,1,Pellet,Left,0,0,422,0,10.93,nan
3/19/2021 12:59:16,1.4.2,FreeFeed,6,4.05,2,1,Pellet,Left,0,0,423,0,Timed_out,nan
3/19/2021 13:14:35,1.4.2,FreeFeed,6,4.05,1,1,Pellet,Left,0,0,424,0,Timed_out,nan
3/19/2021 14:20:29,1.4.2,FreeFeed,6,4.05,1,1,Pellet,Left,0,0,425,0,Timed_out,nan
3/19/2021 14:47:13,1.4.2,FreeFeed,6,4.05,2,1,Pellet,Left,0,0,426,0,Timed_out,nan
3/19/2021 14:47:24,1.4.2,FreeFeed,6,4.05,1,1,Pellet,Left,0,0,427,0,4.47,nan
3/19/2021 14:47:37,1.4.2,FreeFeed,6,4.05,1,1,Pellet,Left,0,0,428,0,5.53,nan
3/19/2021 14:47:53,1.4.2,FreeFeed,6,4.05,1,1,Pellet,Left,0,0,429,0,8.63,nan
3/19/2021 14:48:10,1.4.2,FreeFeed,6,4.05,1,1,Pellet,Left,0,0,430,0,9.35,nan
3/19/2021 14:48:24,1.4.2,FreeFeed,6,4.05,1,1,Pellet,Left,0,0,431,0,6.71,nan
3/19/2021 14:48:43,1.4.2,FreeFeed,6,4.05,1,1,Pellet,Left,0,0,432,0,11.00,nan
3/19/2021 14:48:59,1.4.2,FreeFeed,6,4.05,1,1,Pellet,Left,0,0,433,0,9.22,nan
3/19/2021 15:22:29,1.4.2,FreeFeed,6,4.05,1,1,Pellet,Left,0,0,434,0,Timed_out,nan
3/19/2021 15:40:10,1.4.2,FreeFeed,6,4.05,1,1,Pellet,Left,0,0,435,0,Timed_out,nan
3/19/2021 15:40:28,1.4.2,FreeFeed,6,4.05,1,1,Pellet,Left,0,0,436,0,10.87,nan
3/19/2021 15:41:26,1.4.2,FreeFeed,6,4.05,1,1,Pellet,Left,0,0,437,0,51.22,nan
3/19/2021 15:41:46,1.4.2,FreeFeed,6,4.05,1,1,Pellet,Left,0,0,438,0,12.72,nan
3/19/2021 16:07:36,1.4.2,FreeFeed,6,4.05,2,1,Pellet,Left,0,0,439,0,Timed_out,nan
3/19/2021 16:07:47,1.4.2,FreeFeed,6,4.05,1,1,Pellet,Left,0,0,440,0,3.35,nan
3/19/2021 16:08:23,1.4.2,FreeFeed,6,4.04,1,1,Pellet,Left,0,0,441,0,28.18,nan
3/19/2021 16:08:41,1.4.2,FreeFeed,6,4.05,1,1,Pellet,Left,0,0,442,0,11.07,nan
3/19/2021 16:56:47,1.4.2,FreeFeed,6,4.05,1,1,Pellet,Left,0,0,443,0,Timed_out,nan
3/19/2021 16:56:56,1.4.2,FreeFeed,6,4.05,2,1,Pellet,Left,0,0,444,0,1.31,nan
3/19/2021 16:57:10,1.4.2,FreeFeed,6,4.05,1,1,Pellet,Left,0,0,445,0,7.11,nan
3/19/2021 16:57:23,1.4.2,FreeFeed,6,4.04,1,1,Pellet,Left,0,0,446,0,5.40,nan
3/19/2021 16:58:00,1.4.2,FreeFeed,6,4.05,2,1,Pellet,Left,0,0,447,0,29.52,nan
3/19/2021 16:58:24,1.4.2,FreeFeed,6,4.05,1,1,Pellet,Left,0,0,448,0,17.28,nan
3/19/2021 17:36:51,1.4.2,FreeFeed,6,4.05,1,1,Pellet,Left,0,0,449,0,Timed_out,nan
3/19/2021 17:37:06,1.4.2,FreeFeed,6,4.05,2,1,Pellet,Left,0,0,450,0,7.50,nan
3/19/2021 17:37:14,1.4.2,FreeFeed,6,4.04,1,1,Pellet,Left,0,0,451,0,0.39,nan
3/19/2021 17:37:27,1.4.2,FreeFeed,6,4.04,1,1,Pellet,Left,0,0,452,0,5.92,nan
3/19/2021 17:37:45,1.4.2,FreeFeed,6,4.04,1,1,Pellet,Left,0,0,453,0,10.41,nan
3/19/2021 17:37:53,1.4.2,FreeFeed,6,4.05,1,1,Pellet,Left,0,0,454,0,0.92,nan
3/19/2021 17:38:02,1.4.2,FreeFeed,6,4.05,1,1,Pellet,Left,0,0,455,0,1.24,nan
3/19/2021 17:38:11,1.4.2,FreeFeed,6,4.04,1,1,Pellet,Left,0,0,456,0,2.50,nan
3/19/2021 17:38:23,1.4.2,FreeFeed,6,4.05,1,1,Pellet,Left,0,0,457,0,4.21,nan
3/19/2021 18:20:33,1.4.2,FreeFeed,6,4.04,1,1,Pellet,Left,0,0,458,0,Timed_out,nan
3/19/2021 18:20:46,1.4.2,FreeFeed,6,4.04,1,1,Pellet,Left,0,0,459,0,5.53,nan
3/19/2021 18:21:57,1.4.2,FreeFeed,6,4.04,2,1,Pellet,Left,0,0,460,0,Timed_out,nan
3/19/2021 18:51:33,1.4.2,FreeFeed,6,4.04,2,1,Pellet,Left,0,0,461,0,Timed_out,nan
3/19/2021 18:53:18,1.4.2,FreeFeed,6,4.04,2,1,Pellet,Left,0,0,462,0,Timed_out,nan
3/19/2021 19:02:32,1.4.2,FreeFeed,6,4.04,2,1,Pellet,Left,0,0,463,0,Timed_out,nan
3/19/2021 19:02:51,1.4.2,FreeFeed,6,4.04,2,1,Pellet,Left,0,0,464,0,11.53,nan
3/19/2021 19:14:10,1.4.2,FreeFeed,6,4.05,1,1,Pellet,Left,0,0,465,0,Timed_out,nan
3/19/2021 19:14:18,1.4.2,FreeFeed,6,4.05,1,1,Pellet,Left,0,0,466,0,0.72,nan
3/19/2021 19:14:36,1.4.2,FreeFeed,6,4.04,1,1,Pellet,Left,0,0,467,0,10.94,nan
3/19/2021 19:14:53,1.4.2,FreeFeed,6,4.04,2,1,Pellet,Left,0,0,468,0,9.94,nan
3/19/2021 19:15:09,1.4.2,FreeFeed,6,4.04,1,1,Pellet,Left,0,0,469,0,9.02,nan
3/19/2021 19:15:24,1.4.2,FreeFeed,6,4.04,1,1,Pellet,Left,0,0,470,0,8.10,nan
3/19/2021 19:15:31,1.4.2,FreeFeed,6,4.04,2,1,Pellet,Left,0,0,471,0,0.06,nan
3/19/2021 19:15:40,1.4.2,FreeFeed,6,4.04,1,1,Pellet,Left,0,0,472,0,0.85,nan
3/19/2021 19:38:19,1.4.2,FreeFeed,6,4.05,1,1,Pellet,Left,0,0,473,0,Timed_out,nan
3/19/2021 19:41:56,1.4.2,FreeFeed,6,4.04,1,1,Pellet,Left,0,0,474,0,Timed_out,nan
3/19/2021 19:48:21,1.4.2,FreeFeed,6,4.04,1,1,Pellet,Left,0,0,475,0,Timed_out,nan
3/19/2021 19:56:17,1.4.2,FreeFeed,6,4.04,2,1,Pellet,Left,0,0,476,0,Timed_out,nan
3/19/2021 19:56:25,1.4.2,FreeFeed,6,4.04,2,1,Pellet,Left,0,0,477,0,0.26,nan
3/19/2021 20:01:52,1.4.2,FreeFeed,6,4.04,2,1,Pellet,Left,0,0,478,0,Timed_out,nan
3/19/2021 20:07:10,1.4.2,FreeFeed,6,4.04,1,1,Pellet,Left,0,0,479,0,Timed_out,nan
3/19/2021 20:07:21,1.4.2,FreeFeed,6,4.04,2,1,Pellet,Left,0,0,480,0,2.82,nan
3/19/2021 20:07:35,1.4.2,FreeFeed,6,4.04,2,1,Pellet,Left,0,0,481,0,6.98,nan
3/19/2021 20:08:08,1.4.2,FreeFeed,6,4.05,2,1,Pellet,Left,0,0,482,0,26.01,nan
3/19/2021 20:19:02,1.4.2,FreeFeed,6,4.04,1,1,Pellet,Left,0,0,483,0,Timed_out,nan
3/19/2021 21:29:18,1.4.2,FreeFeed,6,4.04,1,1,Pellet,Left,0,0,484,0,Timed_out,nan
3/19/2021 21:29:39,1.4.2,FreeFeed,6,4.03,1,1,Pellet,Left,0,0,485,0,13.91,nan
3/19/2021 21:29:49,1.4.2,FreeFeed,6,4.04,2,1,Pellet,Left,0,0,486,0,0.85,nan
3/19/2021 21:30:02,1.4.2,FreeFeed,6,4.03,1,1,Pellet,Left,0,0,487,0,5.27,nan
3/19/2021 21:30:28,1.4.2,FreeFeed,6,4.04,1,1,Pellet,Left,0,0,488,0,19.13,nan
3/19/2021 21:30:41,1.4.2,FreeFeed,6,4.03,1,1,Pellet,Left,0,0,489,0,6.91,nan
3/19/2021 21:30:54,1.4.2,FreeFeed,6,4.04,2,1,Pellet,Left,0,0,490,0,5.26,nan
3/19/2021 21:31:08,1.4.2,FreeFeed,6,4.03,1,1,Pellet,Left,0,0,491,0,6.91,nan
3/19/2021 21:31:22,1.4.2,FreeFeed,6,4.03,1,1,Pellet,Left,0,0,492,0,7.04,nan
3/19/2021 22:03:52,1.4.2,FreeFeed,6,4.04,2,1,Pellet,Left,0,0,493,0,Timed_out,nan
3/19/2021 22:04:00,1.4.2,FreeFeed,6,4.04,1,1,Pellet,Left,0,0,494,0,0.52,nan
3/19/2021 22:04:12,1.4.2,FreeFeed,6,4.03,2,1,Pellet,Left,0,0,495,0,4.47,nan
3/19/2021 22:04:20,1.4.2,FreeFeed,6,4.04,1,1,Pellet,Left,0,0,496,0,0.65,nan
3/19/2021 22:04:29,1.4.2,FreeFeed,6,4.03,2,1,Pellet,Left,0,0,497,0,1.05,nan
3/19/2021 22:04:45,1.4.2,FreeFeed,6,4.03,1,1,Pellet,Left,0,0,498,0,8.69,nan
3/19/2021 22:05:04,1.4.2,FreeFeed,6,4.03,1,1,Pellet,Left,0,0,499,0,11.07,nan
3/19/2021 22:05:19,1.4.2,FreeFeed,6,4.04,2,1,Pellet,Left,0,0,500,0,7.64,nan
3/19/2021 22:05:31,1.4.2,FreeFeed,6,4.03,2,1,Pellet,Left,0,0,501,0,5.33,nan
3/19/2021 22:05:49,1.4.2,FreeFeed,6,4.03,2,1,Pellet,Left,0,0,502,0,10.15,nan
3/19/2021 22:06:05,1.4.2,FreeFeed,6,4.03,2,1,Pellet,Left,0,0,503,0,7.84,nan
3/19/2021 22:50:45,1.4.2,FreeFeed,6,4.03,1,1,Pellet,Left,0,0,504,0,Timed_out,nan
3/19/2021 22:50:52,1.4.2,FreeFeed,6,4.03,2,1,Pellet,Left,0,0,505,0,0.32,nan
3/19/2021 22:51:07,1.4.2,FreeFeed,6,4.03,2,1,Pellet,Left,0,0,506,0,5.46,nan
3/19/2021 22:51:37,1.4.2,FreeFeed,6,4.03,1,1,Pellet,Left,0,0,507,0,22.45,nan
3/19/2021 23:08:47,1.4.2,FreeFeed,6,4.04,3,1,Pellet,Left,0,0,508,0,Timed_out,nan
3/19/2021 23:15:40,1.4.2,FreeFeed,6,4.04,1,1,Pellet,Left,0,0,509,0,Timed_out,nan
3/19/2021 23:15:50,1.4.2,FreeFeed,6,4.03,2,1,Pellet,Left,0,0,510,0,1.97,nan
3/19/2021 23:16:04,1.4.2,FreeFeed,6,4.03,2,1,Pellet,Left,0,0,511,0,5.99,nan
3/19/2021 23:16:18,1.4.2,FreeFeed,6,4.03,2,1,Pellet,Left,0,0,512,0,6.45,nan
3/19/2021 23:29:07,1.4.2,FreeFeed,6,4.03,1,1,Pellet,Left,0,0,513,0,Timed_out,nan
3/19/2021 23:30:01,1.4.2,FreeFeed,6,4.03,1,1,Pellet,Left,0,0,514,0,46.55,nan
3/19/2021 23:30:17,1.4.2,FreeFeed,6,4.03,1,1,Pellet,Left,0,0,515,0,8.76,nan
3/19/2021 23:30:23,1.4.2,FreeFeed,6,4.03,1,1,Pellet,Left,0,0,516,0,0.06,nan
3/20/2021 0:34:55,1.4.2,FreeFeed,6,4.03,8,1,Pellet,Left,0,0,517,0,Timed_out,nan
3/20/2021 0:36:10,1.4.2,FreeFeed,6,4.04,1,1,Pellet,Left,0,0,518,0,Timed_out,nan
3/20/2021 0:36:19,1.4.2,FreeFeed,6,4.03,2,1,Pellet,Left,0,0,519,0,1.24,nan
3/20/2021 0:36:38,1.4.2,FreeFeed,6,4.03,2,1,Pellet,Left,0,0,520,0,11.14,nan
3/20/2021 0:50:30,1.4.2,FreeFeed,6,4.03,1,1,Pellet,Left,0,0,521,0,Timed_out,nan
3/20/2021 0:50:38,1.4.2,FreeFeed,6,4.03,1,1,Pellet,Left,0,0,522,0,2.03,nan
3/20/2021 1:02:27,1.4.2,FreeFeed,6,4.03,1,1,Pellet,Left,0,0,523,0,Timed_out,nan
3/20/2021 1:20:17,1.4.2,FreeFeed,6,4.03,1,1,Pellet,Left,0,0,524,0,Timed_out,nan
3/20/2021 1:20:35,1.4.2,FreeFeed,6,4.03,1,1,Pellet,Left,0,0,525,0,10.68,nan
3/20/2021 1:20:52,1.4.2,FreeFeed,6,4.03,1,1,Pellet,Left,0,0,526,0,9.49,nan
3/20/2021 1:21:10,1.4.2,FreeFeed,6,4.03,1,1,Pellet,Left,0,0,527,0,10.15,nan
3/20/2021 1:41:25,1.4.2,FreeFeed,6,4.02,1,1,Pellet,Left,0,0,528,0,Timed_out,nan
3/20/2021 1:41:42,1.4.2,FreeFeed,6,4.03,2,1,Pellet,Left,0,0,529,0,10.08,nan
3/20/2021 1:41:55,1.4.2,FreeFeed,6,4.03,1,1,Pellet,Left,0,0,530,0,6.19,nan
3/20/2021 1:42:13,1.4.2,FreeFeed,6,4.02,1,1,Pellet,Left,0,0,531,0,11.47,nan
3/20/2021 1:42:29,1.4.2,FreeFeed,6,4.03,2,1,Pellet,Left,0,0,532,0,7.84,nan
3/20/2021 2:30:17,1.4.2,FreeFeed,6,4.03,1,1,Pellet,Left,0,0,533,0,Timed_out,nan
3/20/2021 2:30:55,1.4.2,FreeFeed,6,4.03,1,1,Pellet,Left,0,0,534,0,29.80,nan
3/20/2021 2:31:13,1.4.2,FreeFeed,6,4.02,1,1,Pellet,Left,0,0,535,0,11.21,nan
3/20/2021 2:31:39,1.4.2,FreeFeed,6,4.03,1,1,Pellet,Left,0,0,536,0,18.81,nan
3/20/2021 4:06:11,1.4.2,FreeFeed,6,4.03,1,1,Pellet,Left,0,0,537,0,Timed_out,nan
3/20/2021 4:06:33,1.4.2,FreeFeed,6,4.02,2,1,Pellet,Left,0,0,538,0,12.66,nan
3/20/2021 4:06:48,1.4.2,FreeFeed,6,4.02,1,1,Pellet,Left,0,0,539,0,7.44,nan
3/20/2021 4:07:04,1.4.2,FreeFeed,6,4.02,2,1,Pellet,Left,0,0,540,0,8.50,nan
3/20/2021 4:07:23,1.4.2,FreeFeed,6,4.02,1,1,Pellet,Left,0,0,541,0,11.60,nan
3/20/2021 4:07:40,1.4.2,FreeFeed,6,4.02,2,1,Pellet,Left,0,0,542,0,9.42,nan
3/20/2021 4:07:59,1.4.2,FreeFeed,6,4.03,1,1,Pellet,Left,0,0,543,0,11.93,nan
3/20/2021 4:08:32,1.4.2,FreeFeed,6,4.02,1,1,Pellet,Left,0,0,544,0,25.82,nan
3/20/2021 4:08:51,1.4.2,FreeFeed,6,4.02,1,1,Pellet,Left,0,0,545,0,11.67,nan
3/20/2021 4:33:43,1.4.2,FreeFeed,6,4.02,1,1,Pellet,Left,0,0,546,0,Timed_out,nan
3/20/2021 4:33:53,1.4.2,FreeFeed,6,4.02,1,1,Pellet,Left,0,0,547,0,2.56,nan
3/20/2021 4:35:04,1.4.2,FreeFeed,6,4.03,1,1,Pellet,Left,0,0,548,0,Timed_out,nan
3/20/2021 4:35:29,1.4.2,FreeFeed,6,4.02,1,1,Pellet,Left,0,0,549,0,17.68,nan
3/20/2021 4:35:46,1.4.2,FreeFeed,6,4.02,2,1,Pellet,Left,0,0,550,0,7.84,nan
3/20/2021 4:52:22,1.4.2,FreeFeed,6,4.02,1,1,Pellet,Left,0,0,551,0,Timed_out,nan
3/20/2021 5:08:12,1.4.2,FreeFeed,6,4.03,1,1,Pellet,Left,0,0,552,0,Timed_out,nan
3/20/2021 5:09:14,1.4.2,FreeFeed,6,4.02,1,1,Pellet,Left,0,0,553,0,54.91,nan
3/20/2021 5:17:27,1.4.2,FreeFeed,6,4.02,1,1,Pellet,Left,0,0,554,0,Timed_out,nan
3/20/2021 5:25:15,1.4.2,FreeFeed,6,4.02,1,1,Pellet,Left,0,0,555,0,Timed_out,nan
3/20/2021 5:51:48,1.4.2,FreeFeed,6,4.03,2,1,Pellet,Left,0,0,556,0,Timed_out,nan
3/20/2021 5:51:56,1.4.2,FreeFeed,6,4.02,1,1,Pellet,Left,0,0,557,0,0.59,nan
3/20/2021 5:52:29,1.4.2,FreeFeed,6,4.02,1,1,Pellet,Left,0,0,558,0,25.70,nan
3/20/2021 5:52:38,1.4.2,FreeFeed,6,4.02,2,1,Pellet,Left,0,0,559,0,0.13,nan
3/20/2021 5:52:53,1.4.2,FreeFeed,6,4.02,1,1,Pellet,Left,0,0,560,0,8.04,nan
3/20/2021 5:53:15,1.4.2,FreeFeed,6,4.02,1,1,Pellet,Left,0,0,561,0,15.24,nan
3/20/2021 5:53:31,1.4.2,FreeFeed,6,4.02,1,1,Pellet,Left,0,0,562,0,7.91,nan
3/20/2021 5:53:46,1.4.2,FreeFeed,6,4.02,1,1,Pellet,Left,0,0,563,0,8.44,nan
3/20/2021 5:54:49,1.4.2,FreeFeed,6,4.02,1,1,Pellet,Left,0,0,564,0,54.78,nan
3/20/2021 6:07:36,1.4.2,FreeFeed,6,4.02,1,1,Pellet,Left,0,0,565,0,Timed_out,nan
3/20/2021 6:48:32,1.4.2,FreeFeed,6,4.02,1,1,Pellet,Left,0,0,566,0,Timed_out,nan
3/20/2021 6:50:14,1.4.2,FreeFeed,6,4.02,1,1,Pellet,Left,0,0,567,0,Timed_out,nan
3/20/2021 7:08:33,1.4.2,FreeFeed,6,4.02,1,1,Pellet,Left,0,0,568,0,Timed_out,nan
3/20/2021 7:09:44,1.4.2,FreeFeed,6,4.02,1,1,Pellet,Left,0,0,569,0,Timed_out,nan
3/20/2021 7:09:52,1.4.2,FreeFeed,6,4.02,1,1,Pellet,Left,0,0,570,0,0.98,nan
3/20/2021 7:10:04,1.4.2,FreeFeed,6,4.02,2,1,Pellet,Left,0,0,571,0,4.54,nan
3/20/2021 7:10:19,1.4.2,FreeFeed,6,4.02,1,1,Pellet,Left,0,0,572,0,7.77,nan
3/20/2021 7:10:34,1.4.2,FreeFeed,6,4.02,2,1,Pellet,Left,0,0,573,0,6.06,nan
3/20/2021 7:10:51,1.4.2,FreeFeed,6,4.02,1,1,Pellet,Left,0,0,574,0,9.95,nan
3/20/2021 7:11:07,1.4.2,FreeFeed,6,4.02,1,1,Pellet,Left,0,0,575,0,8.43,nan
3/20/2021 7:11:24,1.4.2,FreeFeed,6,4.02,1,1,Pellet,Left,0,0,576,0,9.35,nan
3/20/2021 7:11:39,1.4.2,FreeFeed,6,4.02,2,1,Pellet,Left,0,0,577,0,7.64,nan
3/20/2021 8:18:06,1.4.2,FreeFeed,6,4.02,1,1,Pellet,Left,0,0,578,0,Timed_out,nan
3/20/2021 8:19:02,1.4.2,FreeFeed,6,4.02,1,1,Pellet,Left,0,0,579,0,48.60,nan
3/20/2021 8:19:18,1.4.2,FreeFeed,6,4.01,1,1,Pellet,Left,0,0,580,0,8.43,nan
3/20/2021 8:19:37,1.4.2,FreeFeed,6,4.02,1,1,Pellet,Left,0,0,581,0,11.27,nan
3/20/2021 8:19:54,1.4.2,FreeFeed,6,4.02,1,1,Pellet,Left,0,0,582,0,9.69,nan
3/20/2021 8:52:54,1.4.2,FreeFeed,6,4.02,1,1,Pellet,Left,0,0,583,0,Timed_out,nan
3/20/2021 8:53:02,1.4.2,FreeFeed,6,4.02,1,1,Pellet,Left,0,0,584,0,1.44,nan
3/20/2021 8:53:21,1.4.2,FreeFeed,6,4.02,1,1,Pellet,Left,0,0,585,0,10.95,nan
3/20/2021 8:53:33,1.4.2,FreeFeed,6,4.01,1,1,Pellet,Left,0,0,586,0,5.47,nan
3/20/2021 8:53:50,1.4.2,FreeFeed,6,4.02,1,1,Pellet,Left,0,0,587,0,9.30,nan
3/20/2021 8:54:07,1.4.2,FreeFeed,6,4.02,1,1,Pellet,Left,0,0,588,0,10.42,nan
3/20/2021 8:54:21,1.4.2,FreeFeed,6,4.01,1,1,Pellet,Left,0,0,589,0,6.46,nan
3/20/2021 8:54:38,1.4.2,FreeFeed,6,4.01,2,1,Pellet,Left,0,0,590,0,8.77,nan
3/20/2021 8:54:53,1.4.2,FreeFeed,6,4.02,1,1,Pellet,Left,0,0,591,0,8.63,nan
3/20/2021 8:55:12,1.4.2,FreeFeed,6,4.02,1,1,Pellet,Left,0,0,592,0,11.01,nan
3/20/2021 8:55:29,1.4.2,FreeFeed,6,4.01,1,1,Pellet,Left,0,0,593,0,10.35,nan
3/20/2021 8:55:52,1.4.2,FreeFeed,6,4.01,1,1,Pellet,Left,0,0,594,0,15.91,nan
3/20/2021 9:39:57,1.4.2,FreeFeed,6,4.02,1,1,Pellet,Left,0,0,595,0,Timed_out,nan
3/20/2021 9:40:14,1.4.2,FreeFeed,6,4.02,2,1,Pellet,Left,0,0,596,0,9.42,nan
3/20/2021 9:40:29,1.4.2,FreeFeed,6,4.02,1,1,Pellet,Left,0,0,597,0,6.85,nan
3/20/2021 9:40:48,1.4.2,FreeFeed,6,4.01,1,1,Pellet,Left,0,0,598,0,12.26,nan
3/20/2021 9:41:07,1.4.2,FreeFeed,6,4.02,2,1,Pellet,Left,0,0,599,0,12.00,nan
3/20/2021 9:41:24,1.4.2,FreeFeed,6,4.01,1,1,Pellet,Left,0,0,600,0,10.22,nan
3/20/2021 10:24:25,1.4.2,FreeFeed,6,4.01,1,1,Pellet,Left,0,0,601,0,Timed_out,nan
3/20/2021 10:49:25,1.4.2,FreeFeed,6,4.01,1,1,Pellet,Left,0,0,602,0,Timed_out,nan
3/20/2021 10:49:47,1.4.2,FreeFeed,6,4.01,1,1,Pellet,Left,0,0,603,0,14.97,nan
3/20/2021 10:50:03,1.4.2,FreeFeed,6,4.01,1,1,Pellet,Left,0,0,604,0,8.36,nan
3/20/2021 10:50:24,1.4.2,FreeFeed,6,4.01,2,1,Pellet,Left,0,0,605,0,13.98,nan
3/20/2021 10:50:39,1.4.2,FreeFeed,6,4.00,1,1,Pellet,Left,0,0,606,0,8.17,nan
3/20/2021 10:51:04,1.4.2,FreeFeed,6,4.00,1,1,Pellet,Left,0,0,607,0,17.94,nan
3/20/2021 12:33:35,1.4.2,FreeFeed,6,4.01,1,1,Pellet,Left,0,0,608,0,Timed_out,nan
3/20/2021 12:33:49,1.4.2,FreeFeed,6,4.00,1,1,Pellet,Left,0,0,609,0,6.26,nan
3/20/2021 12:34:29,1.4.2,FreeFeed,6,4.00,1,1,Pellet,Left,0,0,610,0,33.17,nan
3/20/2021 13:24:59,1.4.2,FreeFeed,6,4.01,1,1,Pellet,Left,0,0,611,0,Timed_out,nan
3/20/2021 13:25:18,1.4.2,FreeFeed,6,4.00,2,1,Pellet,Left,0,0,612,0,12.26,nan
3/20/2021 13:25:45,1.4.2,FreeFeed,6,4.00,2,1,Pellet,Left,0,0,613,0,16.63,nan
3/20/2021 13:26:19,1.4.2,FreeFeed,6,4.01,1,1,Pellet,Left,0,0,614,0,26.88,nan
3/20/2021 13:26:45,1.4.2,FreeFeed,6,4.00,1,1,Pellet,Left,0,0,615,0,19.27,nan
3/20/2021 13:26:53,1.4.2,FreeFeed,6,4.01,1,1,Pellet,Left,0,0,616,0,0.52,nan
3/20/2021 14:27:42,1.4.2,FreeFeed,6,4.00,1,1,Pellet,Left,0,0,617,0,Timed_out,nan
3/20/2021 14:53:46,1.4.2,FreeFeed,6,4.00,1,1,Pellet,Left,0,0,618,0,Timed_out,nan
3/20/2021 14:54:07,1.4.2,FreeFeed,6,4.00,1,1,Pellet,Left,0,0,619,0,14.04,nan
3/20/2021 15:01:41,1.4.2,FreeFeed,6,4.00,1,1,Pellet,Left,0,0,620,0,Timed_out,nan
3/20/2021 15:02:03,1.4.2,FreeFeed,6,4.00,1,1,Pellet,Left,0,0,621,0,15.36,nan
3/20/2021 15:02:21,1.4.2,FreeFeed,6,4.00,2,1,Pellet,Left,0,0,622,0,10.68,nan
3/20/2021 15:02:40,1.4.2,FreeFeed,6,4.00,1,1,Pellet,Left,0,0,623,0,11.80,nan
3/20/2021 15:03:19,1.4.2,FreeFeed,6,4.00,1,1,Pellet,Left,0,0,624,0,31.46,nan
3/20/2021 15:03:29,1.4.2,FreeFeed,6,4.00,1,1,Pellet,Left,0,0,625,0,2.69,nan
3/20/2021 15:03:46,1.4.2,FreeFeed,6,4.00,1,1,Pellet,Left,0,0,626,0,9.56,nan
3/20/2021 15:04:01,1.4.2,FreeFeed,6,4.00,1,1,Pellet,Left,0,0,627,0,7.25,nan
3/20/2021 16:09:37,1.4.2,FreeFeed,6,4.00,1,1,Pellet,Left,0,0,628,0,Timed_out,nan
3/20/2021 16:26:55,1.4.2,FreeFeed,6,4.00,1,1,Pellet,Left,0,0,629,0,Timed_out,nan
3/20/2021 16:27:08,1.4.2,FreeFeed,6,4.00,2,1,Pellet,Left,0,0,630,0,5.33,nan
3/20/2021 16:27:23,1.4.2,FreeFeed,6,3.99,1,1,Pellet,Left,0,0,631,0,7.05,nan
3/20/2021 17:16:16,1.4.2,FreeFeed,6,3.99,1,1,Pellet,Left,0,0,632,0,Timed_out,nan
3/20/2021 17:16:54,1.4.2,FreeFeed,6,4.00,1,1,Pellet,Left,0,0,633,0,31.58,nan
3/20/2021 17:17:02,1.4.2,FreeFeed,6,4.00,1,1,Pellet,Left,0,0,634,0,1.11,nan
3/20/2021 17:17:13,1.4.2,FreeFeed,6,4.00,1,1,Pellet,Left,0,0,635,0,3.75,nan
3/20/2021 17:17:28,1.4.2,FreeFeed,6,4.00,1,1,Pellet,Left,0,0,636,0,7.57,nan
3/20/2021 17:17:59,1.4.2,FreeFeed,6,3.99,2,1,Pellet,Left,0,0,637,0,21.84,nan
3/20/2021 17:18:16,1.4.2,FreeFeed,6,3.99,1,1,Pellet,Left,0,0,638,0,10.48,nan
3/20/2021 17:19:10,1.4.2,FreeFeed,6,3.99,1,1,Pellet,Left,0,0,639,0,45.61,nan
3/20/2021 17:24:56,1.4.2,FreeFeed,6,3.99,1,1,Pellet,Left,0,0,640,0,Timed_out,nan
3/20/2021 17:50:30,1.4.2,FreeFeed,6,4.00,1,1,Pellet,Left,0,0,641,0,Timed_out,nan
3/20/2021 17:50:53,1.4.2,FreeFeed,6,4.00,1,1,Pellet,Left,0,0,642,0,15.63,nan
3/20/2021 17:51:11,1.4.2,FreeFeed,6,3.99,1,1,Pellet,Left,0,0,643,0,11.27,nan
3/20/2021 17:51:31,1.4.2,FreeFeed,6,4.00,1,1,Pellet,Left,0,0,644,0,11.53,nan
3/20/2021 18:16:44,1.4.2,FreeFeed,6,3.99,1,1,Pellet,Left,0,0,645,0,Timed_out,nan
3/20/2021 18:17:02,1.4.2,FreeFeed,6,3.99,1,1,Pellet,Left,0,0,646,0,10.81,nan
3/20/2021 18:17:13,1.4.2,FreeFeed,6,4.00,2,1,Pellet,Left,0,0,647,0,2.03,nan
3/20/2021 19:04:03,1.4.2,FreeFeed,6,3.99,1,1,Pellet,Left,0,0,648,0,Timed_out,nan
3/20/2021 19:04:27,1.4.2,FreeFeed,6,3.99,1,1,Pellet,Left,0,0,649,0,17.08,nan
3/20/2021 19:04:40,1.4.2,FreeFeed,6,3.99,1,1,Pellet,Left,0,0,650,0,6.25,nan
3/20/2021 19:05:04,1.4.2,FreeFeed,6,3.99,1,1,Pellet,Left,0,0,651,0,17.08,nan
3/20/2021 19:05:25,1.4.2,FreeFeed,6,3.99,2,1,Pellet,Left,0,0,652,0,13.32,nan
3/20/2021 19:33:26,1.4.2,FreeFeed,6,4.00,1,1,Pellet,Left,0,0,653,0,Timed_out,nan
3/20/2021 19:34:17,1.4.2,FreeFeed,6,3.99,3,1,Pellet,Left,0,0,654,0,42.25,nan
3/20/2021 19:48:34,1.4.2,FreeFeed,6,4.00,1,1,Pellet,Left,0,0,655,0,Timed_out,nan
3/20/2021 19:53:55,1.4.2,FreeFeed,6,3.99,1,1,Pellet,Left,0,0,656,0,Timed_out,nan
3/20/2021 19:54:04,1.4.2,FreeFeed,6,3.99,2,1,Pellet,Left,0,0,657,0,0.72,nan
3/20/2021 19:54:16,1.4.2,FreeFeed,6,3.99,2,1,Pellet,Left,0,0,658,0,5.33,nan
3/20/2021 19:54:24,1.4.2,FreeFeed,6,3.99,2,1,Pellet,Left,0,0,659,0,0.06,nan
3/20/2021 19:54:29,1.4.2,FreeFeed,6,3.99,1,1,Pellet,Left,0,0,660,0,0.06,nan
3/20/2021 20:00:33,1.4.2,FreeFeed,6,3.99,2,1,Pellet,Left,0,0,661,0,Timed_out,nan
3/20/2021 20:00:45,1.4.2,FreeFeed,6,3.99,1,1,Pellet,Left,0,0,662,0,4.67,nan
3/20/2021 20:20:28,1.4.2,FreeFeed,6,3.99,1,1,Pellet,Left,0,0,663,0,Timed_out,nan
3/20/2021 20:20:36,1.4.2,FreeFeed,6,3.99,1,1,Pellet,Left,0,0,664,0,1.24,nan
3/20/2021 20:20:52,1.4.2,FreeFeed,6,3.99,1,1,Pellet,Left,0,0,665,0,8.90,nan
3/20/2021 20:41:12,1.4.2,FreeFeed,6,3.99,1,1,Pellet,Left,0,0,666,0,Timed_out,nan
3/20/2021 20:41:27,1.4.2,FreeFeed,6,3.98,1,1,Pellet,Left,0,0,667,0,6.52,nan
3/20/2021 20:41:40,1.4.2,FreeFeed,6,3.98,1,1,Pellet,Left,0,0,668,0,6.52,nan
3/20/2021 20:41:55,1.4.2,FreeFeed,6,3.98,2,1,Pellet,Left,0,0,669,0,7.11,nan
3/20/2021 20:47:30,1.4.2,FreeFeed,6,3.98,1,1,Pellet,Left,0,0,670,0,Timed_out,nan
3/20/2021 21:03:37,1.4.2,FreeFeed,6,3.98,1,1,Pellet,Left,0,0,671,0,Timed_out,nan
3/20/2021 21:05:35,1.4.2,FreeFeed,6,3.98,1,1,Pellet,Left,0,0,672,0,Timed_out,nan
3/20/2021 21:27:39,1.4.2,FreeFeed,6,3.98,1,1,Pellet,Left,0,0,673,0,Timed_out,nan
3/20/2021 21:49:39,1.4.2,FreeFeed,6,3.99,1,1,Pellet,Left,0,0,674,0,Timed_out,nan
3/20/2021 21:49:53,1.4.2,FreeFeed,6,3.98,1,1,Pellet,Left,0,0,675,0,6.85,nan
3/20/2021 21:53:58,1.4.2,FreeFeed,6,3.98,1,1,Pellet,Left,0,0,676,0,Timed_out,nan
3/20/2021 21:54:54,1.4.2,FreeFeed,6,3.98,1,1,Pellet,Left,0,0,677,0,48.99,nan
3/20/2021 21:55:03,1.4.2,FreeFeed,6,3.98,1,1,Pellet,Left,0,0,678,0,1.51,nan
3/20/2021 22:01:36,1.4.2,FreeFeed,6,3.98,1,1,Pellet,Left,0,0,679,0,Timed_out,nan
3/20/2021 22:02:06,1.4.2,FreeFeed,6,3.98,1,1,Pellet,Left,0,0,680,0,23.04,nan
3/20/2021 22:43:16,1.4.2,FreeFeed,6,3.98,1,1,Pellet,Left,0,0,681,0,Timed_out,nan
3/20/2021 22:43:47,1.4.2,FreeFeed,6,3.98,1,1,Pellet,Left,0,0,682,0,23.57,nan
3/20/2021 22:52:52,1.4.2,FreeFeed,6,3.98,1,1,Pellet,Left,0,0,683,0,Timed_out,nan
3/20/2021 22:54:00,1.4.2,FreeFeed,6,3.98,1,1,Pellet,Left,0,0,684,0,Timed_out,nan
3/20/2021 22:54:09,1.4.2,FreeFeed,6,3.98,1,1,Pellet,Left,0,0,685,0,3.16,nan
3/20/2021 23:00:21,1.4.2,FreeFeed,6,3.98,1,1,Pellet,Left,0,0,686,0,Timed_out,nan
3/20/2021 23:00:35,1.4.2,FreeFeed,6,3.99,1,1,Pellet,Left,0,0,687,0,6.32,nan
3/20/2021 23:08:47,1.4.2,FreeFeed,6,3.98,1,1,Pellet,Left,0,0,688,0,Timed_out,nan
3/20/2021 23:09:03,1.4.2,FreeFeed,6,3.98,1,1,Pellet,Left,0,0,689,0,9.10,nan
3/20/2021 23:09:12,1.4.2,FreeFeed,6,3.98,2,1,Pellet,Left,0,0,690,0,2.50,nan
3/20/2021 23:09:27,1.4.2,FreeFeed,6,3.98,1,1,Pellet,Left,0,0,691,0,7.12,nan
3/20/2021 23:22:12,1.4.2,FreeFeed,6,3.98,1,1,Pellet,Left,0,0,692,0,Timed_out,nan
3/20/2021 23:22:21,1.4.2,FreeFeed,6,3.98,1,1,Pellet,Left,0,0,693,0,1.31,nan
3/20/2021 23:22:28,1.4.2,FreeFeed,6,3.98,1,1,Pellet,Left,0,0,694,0,0.06,nan
3/20/2021 23:22:44,1.4.2,FreeFeed,6,3.98,1,1,Pellet,Left,0,0,695,0,9.29,nan
3/20/2021 23:22:58,1.4.2,FreeFeed,6,3.98,1,1,Pellet,Left,0,0,696,0,6.26,nan
3/21/2021 0:07:24,1.4.2,FreeFeed,6,3.98,1,1,Pellet,Left,0,0,697,0,Timed_out,nan
3/21/2021 0:07:40,1.4.2,FreeFeed,6,3.98,2,1,Pellet,Left,0,0,698,0,9.02,nan
3/21/2021 0:07:59,1.4.2,FreeFeed,6,3.98,1,1,Pellet,Left,0,0,699,0,12.26,nan
3/21/2021 0:08:15,1.4.2,FreeFeed,6,3.98,2,1,Pellet,Left,0,0,700,0,7.51,nan
3/21/2021 0:08:34,1.4.2,FreeFeed,6,3.98,1,1,Pellet,Left,0,0,701,0,11.80,nan
3/21/2021 0:08:52,1.4.2,FreeFeed,6,3.98,1,1,Pellet,Left,0,0,702,0,10.61,nan
3/21/2021 0:41:38,1.4.2,FreeFeed,6,3.98,1,1,Pellet,Left,0,0,703,0,Timed_out,nan
3/21/2021 0:41:53,1.4.2,FreeFeed,6,3.98,1,1,Pellet,Left,0,0,704,0,7.96,nan
3/21/2021 0:42:01,1.4.2,FreeFeed,6,3.98,1,1,Pellet,Left,0,0,705,0,2.10,nan
3/21/2021 0:42:18,1.4.2,FreeFeed,6,3.98,1,1,Pellet,Left,0,0,706,0,10.41,nan
3/21/2021 1:18:19,1.4.2,FreeFeed,6,3.98,1,1,Pellet,Left,0,0,707,0,Timed_out,nan
3/21/2021 1:18:40,1.4.2,FreeFeed,6,3.98,2,1,Pellet,Left,0,0,708,0,12.32,nan
3/21/2021 1:18:54,1.4.2,FreeFeed,6,3.98,2,1,Pellet,Left,0,0,709,0,4.60,nan
3/21/2021 1:19:11,1.4.2,FreeFeed,6,3.98,1,1,Pellet,Left,0,0,710,0,9.35,nan
3/21/2021 1:19:25,1.4.2,FreeFeed,6,3.98,2,1,Pellet,Left,0,0,711,0,6.97,nan
3/21/2021 1:19:41,1.4.2,FreeFeed,6,3.98,1,1,Pellet,Left,0,0,712,0,8.55,nan
3/21/2021 1:19:54,1.4.2,FreeFeed,6,3.98,1,1,Pellet,Left,0,0,713,0,6.05,nan
3/21/2021 1:29:18,1.4.2,FreeFeed,6,3.98,1,1,Pellet,Left,0,0,714,0,Timed_out,nan
3/21/2021 1:29:39,1.4.2,FreeFeed,6,3.98,1,1,Pellet,Left,0,0,715,0,13.44,nan
3/21/2021 1:29:50,1.4.2,FreeFeed,6,3.97,1,1,Pellet,Left,0,0,716,0,3.81,nan
3/21/2021 1:29:58,1.4.2,FreeFeed,6,3.98,1,1,Pellet,Left,0,0,717,0,0.39,nan
3/21/2021 1:30:07,1.4.2,FreeFeed,6,3.98,1,1,Pellet,Left,0,0,718,0,2.10,nan
3/21/2021 1:30:21,1.4.2,FreeFeed,6,3.98,1,1,Pellet,Left,0,0,719,0,6.85,nan
3/21/2021 2:20:50,1.4.2,FreeFeed,6,3.97,1,1,Pellet,Left,0,0,720,0,Timed_out,nan
3/21/2021 2:21:24,1.4.2,FreeFeed,6,3.98,1,1,Pellet,Left,0,0,721,0,26.15,nan
3/21/2021 2:21:39,1.4.2,FreeFeed,6,3.98,1,1,Pellet,Left,0,0,722,0,8.56,nan
3/21/2021 2:21:55,1.4.2,FreeFeed,6,3.97,1,1,Pellet,Left,0,0,723,0,8.17,nan
3/21/2021 2:22:09,1.4.2,FreeFeed,6,3.98,1,1,Pellet,Left,0,0,724,0,7.58,nan
3/21/2021 2:22:25,1.4.2,FreeFeed,6,3.97,1,1,Pellet,Left,0,0,725,0,8.37,nan
3/21/2021 2:42:04,1.4.2,FreeFeed,6,3.97,1,1,Pellet,Left,0,0,726,0,Timed_out,nan
3/21/2021 3:04:13,1.4.2,FreeFeed,6,3.97,1,1,Pellet,Left,0,0,727,0,Timed_out,nan
3/21/2021 3:04:20,1.4.2,FreeFeed,6,3.97,1,1,Pellet,Left,0,0,728,0,0.59,nan
3/21/2021 3:04:30,1.4.2,FreeFeed,6,3.97,1,1,Pellet,Left,0,0,729,0,1.90,nan
3/21/2021 3:04:54,1.4.2,FreeFeed,6,3.98,1,1,Pellet,Left,0,0,730,0,17.68,nan
3/21/2021 3:05:19,1.4.2,FreeFeed,6,3.97,1,1,Pellet,Left,0,0,731,0,16.75,nan
3/21/2021 3:05:35,1.4.2,FreeFeed,6,3.97,1,1,Pellet,Left,0,0,732,0,9.35,nan
3/21/2021 3:38:10,1.4.2,FreeFeed,6,3.98,1,1,Pellet,Left,0,0,733,0,Timed_out,nan
3/21/2021 3:38:25,1.4.2,FreeFeed,6,3.97,1,1,Pellet,Left,0,0,734,0,6.85,nan
3/21/2021 3:38:41,1.4.2,FreeFeed,6,3.97,1,1,Pellet,Left,0,0,735,0,8.90,nan
3/21/2021 3:38:58,1.4.2,FreeFeed,6,3.97,1,1,Pellet,Left,0,0,736,0,10.15,nan
3/21/2021 3:39:17,1.4.2,FreeFeed,6,3.97,1,1,Pellet,Left,0,0,737,0,12.00,nan
3/21/2021 4:02:12,1.4.2,FreeFeed,6,3.98,1,1,Pellet,Left,0,0,738,0,Timed_out,nan
3/21/2021 4:06:18,1.4.2,FreeFeed,6,3.97,1,1,Pellet,Left,0,0,739,0,Timed_out,nan
3/21/2021 4:23:47,1.4.2,FreeFeed,6,3.97,1,1,Pellet,Left,0,0,740,0,Timed_out,nan
3/21/2021 4:24:04,1.4.2,FreeFeed,6,3.97,1,1,Pellet,Left,0,0,741,0,9.55,nan
3/21/2021 4:24:15,1.4.2,FreeFeed,6,3.97,1,1,Pellet,Left,0,0,742,0,4.01,nan
3/21/2021 4:24:23,1.4.2,FreeFeed,6,3.97,2,1,Pellet,Left,0,0,743,0,0.13,nan
3/21/2021 4:37:42,1.4.2,FreeFeed,6,3.97,1,1,Pellet,Left,0,0,744,0,Timed_out,nan
3/21/2021 4:37:53,1.4.2,FreeFeed,6,3.97,1,1,Pellet,Left,0,0,745,0,3.48,nan
3/21/2021 4:40:44,1.4.2,FreeFeed,6,3.97,1,1,Pellet,Left,0,0,746,0,Timed_out,nan
3/21/2021 4:40:56,1.4.2,FreeFeed,6,3.97,1,1,Pellet,Left,0,0,747,0,4.34,nan
3/21/2021 4:57:12,1.4.2,FreeFeed,6,3.96,1,1,Pellet,Left,0,0,748,0,Timed_out,nan
3/21/2021 4:59:40,1.4.2,FreeFeed,6,3.97,2,1,Pellet,Left,0,0,749,0,Timed_out,nan
3/21/2021 4:59:52,1.4.2,FreeFeed,6,3.96,1,1,Pellet,Left,0,0,750,0,5.07,nan
3/21/2021 5:01:52,1.4.2,FreeFeed,6,3.96,2,1,Pellet,Left,0,0,751,0,Timed_out,nan
3/21/2021 5:33:57,1.4.2,FreeFeed,6,3.96,1,1,Pellet,Left,0,0,752,0,Timed_out,nan
3/21/2021 5:35:44,1.4.2,FreeFeed,6,3.96,1,1,Pellet,Left,0,0,753,0,Timed_out,nan
3/21/2021 5:36:03,1.4.2,FreeFeed,6,3.96,1,1,Pellet,Left,0,0,754,0,11.74,nan
3/21/2021 5:36:25,1.4.2,FreeFeed,6,3.96,1,1,Pellet,Left,0,0,755,0,14.18,nan
3/21/2021 6:02:30,1.4.2,FreeFeed,6,3.96,2,1,Pellet,Left,0,0,756,0,Timed_out,nan
3/21/2021 6:02:44,1.4.2,FreeFeed,6,3.96,1,1,Pellet,Left,0,0,757,0,6.19,nan
3/21/2021 6:02:56,1.4.2,FreeFeed,6,3.96,1,1,Pellet,Left,0,0,758,0,5.73,nan
3/21/2021 6:03:07,1.4.2,FreeFeed,6,3.96,1,1,Pellet,Left,0,0,759,0,3.02,nan
3/21/2021 6:03:20,1.4.2,FreeFeed,6,3.96,1,1,Pellet,Left,0,0,760,0,5.93,nan
3/21/2021 6:13:00,1.4.2,FreeFeed,6,3.96,1,1,Pellet,Left,0,0,761,0,Timed_out,nan
3/21/2021 7:02:25,1.4.2,FreeFeed,6,3.96,2,1,Pellet,Left,0,0,762,0,Timed_out,nan
3/21/2021 7:02:32,1.4.2,FreeFeed,6,3.96,1,1,Pellet,Left,0,0,763,0,0.52,nan
3/21/2021 7:02:53,1.4.2,FreeFeed,6,3.96,1,1,Pellet,Left,0,0,764,0,13.19,nan
3/21/2021 7:03:09,1.4.2,FreeFeed,6,3.96,1,1,Pellet,Left,0,0,765,0,8.63,nan
3/21/2021 7:03:25,1.4.2,FreeFeed,6,3.96,1,1,Pellet,Left,0,0,766,0,9.36,nan
3/21/2021 7:03:41,1.4.2,FreeFeed,6,3.96,1,1,Pellet,Left,0,0,767,0,8.89,nan
3/21/2021 7:03:55,1.4.2,FreeFeed,6,3.96,1,1,Pellet,Left,0,0,768,0,7.64,nan
3/21/2021 7:04:10,1.4.2,FreeFeed,6,3.96,2,1,Pellet,Left,0,0,769,0,6.58,nan
3/21/2021 7:04:25,1.4.2,FreeFeed,6,3.96,1,1,Pellet,Left,0,0,770,0,8.43,nan
3/21/2021 7:04:42,1.4.2,FreeFeed,6,3.96,1,1,Pellet,Left,0,0,771,0,9.42,nan
3/21/2021 7:52:57,1.4.2,FreeFeed,6,3.96,1,1,Pellet,Left,0,0,772,0,Timed_out,nan
3/21/2021 7:53:27,1.4.2,FreeFeed,6,3.96,1,1,Pellet,Left,0,0,773,0,22.84,nan
3/21/2021 8:34:26,1.4.2,FreeFeed,6,3.96,2,1,Pellet,Left,0,0,774,0,Timed_out,nan
3/21/2021 8:34:45,1.4.2,FreeFeed,6,3.96,1,1,Pellet,Left,0,0,775,0,11.47,nan
3/21/2021 8:35:03,1.4.2,FreeFeed,6,3.96,1,1,Pellet,Left,0,0,776,0,10.87,nan
3/21/2021 8:35:21,1.4.2,FreeFeed,6,3.96,1,1,Pellet,Left,0,0,777,0,10.22,nan
3/21/2021 8:35:29,1.4.2,FreeFeed,6,3.96,2,1,Pellet,Left,0,0,778,0,0.06,nan
3/21/2021 9:03:07,1.4.2,FreeFeed,6,3.96,1,1,Pellet,Left,0,0,779,0,Timed_out,nan
3/21/2021 9:03:33,1.4.2,FreeFeed,6,3.96,1,1,Pellet,Left,0,0,780,0,19.26,nan
3/21/2021 9:03:54,1.4.2,FreeFeed,6,3.96,2,1,Pellet,Left,0,0,781,0,12.13,nan
3/21/2021 10:51:26,1.4.2,FreeFeed,6,3.96,1,1,Pellet,Left,0,0,782,0,Timed_out,nan
3/21/2021 10:51:37,1.4.2,FreeFeed,6,3.96,1,1,Pellet,Left,0,0,783,0,4.34,nan
3/21/2021 10:53:13,1.4.2,FreeFeed,6,3.95,1,1,Pellet,Left,0,0,784,0,Timed_out,nan
3/21/2021 11:50:08,1.4.2,FreeFeed,6,3.96,1,1,Pellet,Left,0,0,785,0,Timed_out,nan
3/21/2021 11:50:15,1.4.2,FreeFeed,6,3.95,1,1,Pellet,Left,0,0,786,0,1.05,nan
3/21/2021 11:50:26,1.4.2,FreeFeed,6,3.96,1,1,Pellet,Left,0,0,787,0,4.01,nan
3/21/2021 11:50:41,1.4.2,FreeFeed,6,3.95,1,1,Pellet,Left,0,0,788,0,8.10,nan
3/21/2021 11:50:57,1.4.2,FreeFeed,6,3.95,1,1,Pellet,Left,0,0,789,0,8.56,nan
3/21/2021 11:51:13,1.4.2,FreeFeed,6,3.95,1,1,Pellet,Left,0,0,790,0,9.29,nan
3/21/2021 11:51:29,1.4.2,FreeFeed,6,3.96,1,1,Pellet,Left,0,0,791,0,8.76,nan
3/21/2021 11:51:51,1.4.2,FreeFeed,6,3.96,1,1,Pellet,Left,0,0,792,0,14.43,nan
3/21/2021 11:52:09,1.4.2,FreeFeed,6,3.95,1,1,Pellet,Left,0,0,793,0,10.61,nan
3/21/2021 11:52:24,1.4.2,FreeFeed,6,3.95,2,1,Pellet,Left,0,0,794,0,7.57,nan
3/21/2021 11:52:48,1.4.2,FreeFeed,6,3.96,1,1,Pellet,Left,0,0,795,0,17.08,nan
3/21/2021 11:52:55,1.4.2,FreeFeed,6,3.95,1,1,Pellet,Left,0,0,796,0,0.06,nan
3/21/2021 13:03:58,1.4.2,FreeFeed,6,3.95,1,1,Pellet,Left,0,0,797,0,Timed_out,nan
3/21/2021 13:04:23,1.4.2,FreeFeed,6,3.95,1,1,Pellet,Left,0,0,798,0,17.80,nan
3/21/2021 13:04:49,1.4.2,FreeFeed,6,3.96,2,1,Pellet,Left,0,0,799,0,17.81,nan
3/21/2021 13:05:08,1.4.2,FreeFeed,6,3.95,1,1,Pellet,Left,0,0,800,0,12.39,nan
3/21/2021 14:23:45,1.4.2,FreeFeed,6,3.95,2,1,Pellet,Left,0,0,801,0,Timed_out,nan
3/21/2021 14:23:59,1.4.2,FreeFeed,6,3.95,2,1,Pellet,Left,0,0,802,0,6.32,nan
3/21/2021 14:24:15,1.4.2,FreeFeed,6,3.95,1,1,Pellet,Left,0,0,803,0,7.70,nan
3/21/2021 14:24:31,1.4.2,FreeFeed,6,3.95,1,1,Pellet,Left,0,0,804,0,9.09,nan
3/21/2021 14:24:48,1.4.2,FreeFeed,6,3.94,2,1,Pellet,Left,0,0,805,0,9.55,nan
3/21/2021 15:29:02,1.4.2,FreeFeed,6,3.94,2,1,Pellet,Left,0,0,806,0,Timed_out,nan
3/21/2021 15:29:26,1.4.2,FreeFeed,6,3.94,1,1,Pellet,Left,0,0,807,0,17.29,nan
3/21/2021 15:29:47,1.4.2,FreeFeed,6,3.94,1,1,Pellet,Left,0,0,808,0,13.85,nan
3/21/2021 15:30:03,1.4.2,FreeFeed,6,3.94,2,1,Pellet,Left,0,0,809,0,8.24,nan
3/21/2021 15:30:10,1.4.2,FreeFeed,6,3.94,1,1,Pellet,Left,0,0,810,0,0.06,nan
